index,component_id,taxon_id,transmembrane,intramembrane,glycosylation,lipidation,disulfide_bond,modified_residue,phosphorylation,acetylation,ubiquitination,signal_peptide,propeptide,target_id,IUPHAR_family_id
component_id,1.0,0.04830917116921286,-0.1519559567029697,,-0.17920191944693392,-0.14056079756633352,-0.16995182184099855,-0.019539480284032906,,,,,-0.007069056506480511,0.24306166146176264,0.20976926501603868
taxon_id,0.04830917116921286,1.0,-0.02032326549168304,,-0.04583486940791765,-0.021072854552532348,-0.019229398700963983,-0.07187273857972062,,,,,-0.009207613368029933,0.028160138186488676,0.028065450581883436
transmembrane,-0.1519559567029697,-0.02032326549168304,1.0,,0.6597754561614838,0.23381389064738628,0.5454681025022952,-0.15610642161498178,,,,,-0.15786159983972037,-0.6325984021629607,-0.6010777550868589
intramembrane,,,,,,,,,,,,,,,
glycosylation,-0.17920191944693392,-0.04583486940791765,0.6597754561614838,,1.0,0.2578251773708183,0.7485023282158428,-0.18971085230961868,,,,,0.14450321676152933,-0.5357432804619588,-0.5028594675751994
lipidation,-0.14056079756633352,-0.021072854552532348,0.23381389064738628,,0.2578251773708183,1.0,0.20565580161234587,-0.08948239555447406,,,,,0.04566537334362134,-0.312395317928471,-0.28569363754506244
disulfide_bond,-0.16995182184099855,-0.019229398700963983,0.5454681025022952,,0.7485023282158428,0.20565580161234587,1.0,-0.22254603551412944,,,,,0.2243866743359675,-0.45188732029747053,-0.41504662760678973
modified_residue,-0.019539480284032906,-0.07187273857972062,-0.15610642161498178,,-0.18971085230961868,-0.08948239555447406,-0.22254603551412944,1.0,,,,,-0.14609048547353717,0.17738104771576935,0.1337318829636371
phosphorylation,,,,,,,,,,,,,,,
acetylation,,,,,,,,,,,,,,,
ubiquitination,,,,,,,,,,,,,,,
signal_peptide,,,,,,,,,,,,,,,
propeptide,-0.007069056506480511,-0.009207613368029933,-0.15786159983972037,,0.14450321676152933,0.04566537334362134,0.2243866743359675,-0.14609048547353717,,,,,1.0,0.14054408938006824,0.20857103689493156
target_id,0.24306166146176264,0.028160138186488676,-0.6325984021629607,,-0.5357432804619588,-0.312395317928471,-0.45188732029747053,0.17738104771576935,,,,,0.14054408938006824,1.0,0.9384546209362922
IUPHAR_family_id,0.20976926501603868,0.028065450581883436,-0.6010777550868589,,-0.5028594675751994,-0.28569363754506244,-0.41504662760678973,0.1337318829636371,,,,,0.20857103689493156,0.9384546209362922,1.0
