index,activity_id,record_id,standard_value,value,upper_value,pchembl_value,potential_duplicate,src_id,lower_value
activity_id,1.0,-0.6520619312228627,0.2566072605785875,0.1356163862393564,0.2566072605785875,-0.1492233069093491,-0.5339110442658856,,0.2566072605785875
record_id,-0.6520619312228627,1.0,0.04236249217434952,0.05857227664356621,0.04236249217434952,0.03527497441964011,0.7305796065552919,,0.04236249217434952
standard_value,0.2566072605785875,0.04236249217434952,1.0,0.8916827384841641,1.0,-0.5602705257686217,0.15013269511985564,,1.0
value,0.1356163862393564,0.05857227664356621,0.8916827384841641,1.0,0.8916827384841641,-0.3951686765184582,0.08160728003078613,,0.8916827384841641
upper_value,0.2566072605785875,0.04236249217434952,1.0,0.8916827384841641,1.0,-0.5602705257686217,0.15013269511985564,,1.0
pchembl_value,-0.1492233069093491,0.03527497441964011,-0.5602705257686217,-0.3951686765184582,-0.5602705257686217,1.0,-0.013474517221020135,,-0.5602705257686217
potential_duplicate,-0.5339110442658856,0.7305796065552919,0.15013269511985564,0.08160728003078613,0.15013269511985564,-0.013474517221020135,1.0,,0.1501326951198556
src_id,,,,,,,,,
lower_value,0.2566072605785875,0.04236249217434952,1.0,0.8916827384841641,1.0,-0.5602705257686217,0.1501326951198556,,1.0
