index,volume,issue,first_page,last_page,pubmed_id,document_contains_external_links,is_experimental_doc,year,month
volume,1.0,0.16529871347998257,0.3639194158479271,0.3639795274997837,0.3245410188401641,0.1237937093972396,-0.15914829265596717,0.30024090367847645,1.7391305980067028e-05
issue,0.16529871347998257,1.0,-0.0011511452519432346,-0.0011566929217885864,-0.026390077657684866,-0.01955293041056271,-0.009876164418279642,-0.027273607348861622,0.043582329696394036
first_page,0.3639194158479271,-0.0011511452519432346,1.0,0.9999999346319411,0.34552148712151487,0.1087751135059994,-0.03705168804927703,0.30428471346818786,0.0573700476913724
last_page,0.3639795274997837,-0.0011566929217885864,0.9999999346319411,1.0,0.3456062397645918,0.10879453420099593,-0.03712450279116555,0.30436260728993847,0.05739756999052216
pubmed_id,0.3245410188401641,-0.026390077657684866,0.34552148712151487,0.3456062397645918,1.0,0.306636906924226,-0.14162242114446608,0.9853190560761875,-0.001254837604946735
document_contains_external_links,0.1237937093972396,-0.01955293041056271,0.1087751135059994,0.10879453420099593,0.306636906924226,1.0,-0.07981763924000707,0.30498724446327496,-0.007127353311323778
is_experimental_doc,-0.15914829265596717,-0.009876164418279642,-0.03705168804927703,-0.03712450279116555,-0.14162242114446608,-0.07981763924000707,1.0,-0.1325427024487247,0.0016255391655572746
year,0.30024090367847645,-0.027273607348861622,0.30428471346818786,0.30436260728993847,0.9853190560761875,0.30498724446327496,-0.1325427024487247,1.0,-0.041818875569759176
month,1.7391305980067028e-05,0.043582329696394036,0.0573700476913724,0.05739756999052216,-0.001254837604946735,-0.007127353311323778,0.0016255391655572746,-0.041818875569759176,1.0
