activity_chembl_id,saltform_id,molecule_chembl_id,molecule_chembl_id.1,target_chembl_id,assay_chembl_id,document_chembl_id,completed,bao_endpoint,standard_type,standard_value,pA_value,bao_format,compound_key,compound_name,standard_inchi_skeleton,unknown_chirality,multmol_assay,assay_with_same_target,exact_data_citation,higly_correlated_assay,shuffled_assay,review,rounded_data_citation,allosteric,nam,pam,high_citation_rate,original_activity_approx,original_activity_exact,is_citation,IUPHAR_class,IUPHAR_subclass,unicellular_organism,multifunctional_enzyme,gene_index,taxon_index,sortorder.target
100743,CHEMBL68738,CHEMBL68738,CHEMBL68738,CHEMBL318,CHEMBL640781,CHEMBL1125345,1992-12-01,BAO_0000192,Ki,0.59,9.23,BAO_0000357,CHEMBL68738,N6-CYCLOPENTYLADENOSINE,SQMWSBKSHWARHU,true,false,2,,,,,,false,false,false,false,,,false,0688--,0694--,false,false,ADORA1##,10116,0688--:0694--:ADORA1##:010116
104689,CHEMBL51,CHEMBL51,CHEMBL51,CHEMBL3426,CHEMBL620714,CHEMBL1145819,2003-08-07,BAO_0000192,Ki,20000.0,4.7,BAO_0000357,CHEMBL51,KETANSERIN,FPCCSQOGAWCVBH,true,false,2,,,,,,false,false,false,false,,,false,0688--,0694--,false,false,HTR5A###,9606,0688--:0694--:HTR5A###:009606
108199,CHEMBL19019,CHEMBL19019,CHEMBL19019,CHEMBL4354,CHEMBL757482,CHEMBL1124798,1990-06-28,BAO_0000192,Ki,0.8,9.1,BAO_0000249,CHEMBL19019,NALTREXONE,DQCKKXVULJGBQN,true,false,2,,,,,,false,false,false,false,,,false,0688--,0694--,false,false,OPRM1###,10141,0688--:0694--:OPRM1###:010141
108200,CHEMBL19019,CHEMBL19019,CHEMBL19019,CHEMBL3952,CHEMBL755521,CHEMBL1124798,1990-06-28,BAO_0000192,Ki,20.0,7.7,BAO_0000249,CHEMBL19019,NALTREXONE,DQCKKXVULJGBQN,true,false,2,,,,,,false,false,false,false,,,false,0688--,0694--,false,false,OPRK1###,10141,0688--:0694--:OPRK1###:010141
114904,CHEMBL514693,CHEMBL514693,CHEMBL514693,CHEMBL4354,CHEMBL757482,CHEMBL1124798,1990-06-28,BAO_0000192,Ki,550.0,6.26,BAO_0000249,CHEMBL514693,,HKUIBYDTKWHKJU,true,false,2,,,,,,false,false,false,false,,,false,0688--,0694--,false,false,OPRM1###,10141,0688--:0694--:OPRM1###:010141
117482,CHEMBL477154,CHEMBL477154,CHEMBL477154,CHEMBL4354,CHEMBL757482,CHEMBL1124798,1990-06-28,BAO_0000192,Ki,14.0,7.85,BAO_0000249,CHEMBL477154,,CRTCCMARDBQOKA,true,false,2,,,,,,false,false,false,false,,,false,0688--,0694--,false,false,OPRM1###,10141,0688--:0694--:OPRM1###:010141
117483,CHEMBL477154,CHEMBL477154,CHEMBL477154,CHEMBL3952,CHEMBL755521,CHEMBL1124798,1990-06-28,BAO_0000192,Ki,65.0,7.19,BAO_0000249,CHEMBL477154,,CRTCCMARDBQOKA,true,false,2,,,,,,false,false,false,false,,,false,0688--,0694--,false,false,OPRK1###,10141,0688--:0694--:OPRK1###:010141
119814,CHEMBL606872,CHEMBL606872,CHEMBL606872,CHEMBL4354,CHEMBL752955,CHEMBL1124798,1990-06-28,BAO_0000192,Ki,104.0,6.98,BAO_0000249,CHEMBL606872,,VHOJNKFFCXAXME,true,false,2,,,,,,false,false,false,false,,,false,0688--,0694--,false,false,OPRM1###,10141,0688--:0694--:OPRM1###:010141
119815,CHEMBL606872,CHEMBL606872,CHEMBL606872,CHEMBL3952,CHEMBL753838,CHEMBL1124798,1990-06-28,BAO_0000192,Ki,321.0,6.49,BAO_0000249,CHEMBL606872,,VHOJNKFFCXAXME,true,false,2,,,,,,false,false,false,false,,,false,0688--,0694--,false,false,OPRK1###,10141,0688--:0694--:OPRK1###:010141
126350,CHEMBL22776,CHEMBL22776,CHEMBL22776,CHEMBL5645,CHEMBL666491,CHEMBL1124803,1990-06-28,BAO_0000192,Ki,5.0,8.3,BAO_0000221,CHEMBL22776,POBILUKAST,PZIFPMYXXCAOCC,true,false,2,,,,,,false,false,false,false,,,false,0688--,0694--,false,false,CYSLTR1#,10141,0688--:0694--:CYSLTR1#:010141
133789,CHEMBL401093,CHEMBL401093,CHEMBL401093,CHEMBL4354,CHEMBL752955,CHEMBL1124798,1990-06-28,BAO_0000192,Ki,468.0,6.33,BAO_0000249,CHEMBL401093,OXYMORPHINDOLE,BZGIIOKMFOWBDH,true,false,2,,,,,,false,false,false,false,,,false,0688--,0694--,false,false,OPRM1###,10141,0688--:0694--:OPRM1###:010141
133790,CHEMBL401093,CHEMBL401093,CHEMBL401093,CHEMBL3952,CHEMBL753838,CHEMBL1124798,1990-06-28,BAO_0000192,Ki,4467.0,5.35,BAO_0000249,CHEMBL401093,OXYMORPHINDOLE,BZGIIOKMFOWBDH,true,false,2,,,,,,false,false,false,false,,,false,0688--,0694--,false,false,OPRK1###,10141,0688--:0694--:OPRK1###:010141
137340,CHEMBL610526,CHEMBL610526,CHEMBL610526,CHEMBL4354,CHEMBL752955,CHEMBL1124798,1990-06-28,BAO_0000192,Ki,16.0,7.8,BAO_0000249,CHEMBL610526,,UFSBESMXMNBZHB,true,false,2,,,,,,false,false,false,false,,,false,0688--,0694--,false,false,OPRM1###,10141,0688--:0694--:OPRM1###:010141
137341,CHEMBL610526,CHEMBL610526,CHEMBL610526,CHEMBL3952,CHEMBL753838,CHEMBL1124798,1990-06-28,BAO_0000192,Ki,43.0,7.37,BAO_0000249,CHEMBL610526,,UFSBESMXMNBZHB,true,false,2,,,,,,false,false,false,false,,,false,0688--,0694--,false,false,OPRK1###,10141,0688--:0694--:OPRK1###:010141
139451,CHEMBL142380,CHEMBL142380,CHEMBL142380,CHEMBL1671613,CHEMBL650301,CHEMBL1126656,1993-06-09,BAO_0000190,IC50,16.0,7.8,BAO_0000019,CHEMBL142380,,QDJMXUYLLXTIHJ,true,false,1,,,,,,false,false,false,false,,,false,0688--,0694--,false,false,AGTR1###,10141,0688--:0694--:AGTR1###:010141
139837,CHEMBL610009,CHEMBL610009,CHEMBL610009,CHEMBL4354,CHEMBL752955,CHEMBL1124798,1990-06-28,BAO_0000192,Ki,29.0,7.54,BAO_0000249,CHEMBL610009,,KXQMACNKPIFADJ,true,false,2,,,,,,false,false,false,false,,,false,0688--,0694--,false,false,OPRM1###,10141,0688--:0694--:OPRM1###:010141
139838,CHEMBL610009,CHEMBL610009,CHEMBL610009,CHEMBL3952,CHEMBL753838,CHEMBL1124798,1990-06-28,BAO_0000192,Ki,333.0,6.48,BAO_0000249,CHEMBL610009,,KXQMACNKPIFADJ,true,false,2,,,,,,false,false,false,false,,,false,0688--,0694--,false,false,OPRK1###,10141,0688--:0694--:OPRK1###:010141
140537,CHEMBL284536,CHEMBL284536,CHEMBL284536,CHEMBL1671613,CHEMBL650301,CHEMBL1126656,1993-06-09,BAO_0000190,IC50,31.0,7.51,BAO_0000019,CHEMBL284536,,FSJCYXPMWQPVOS,true,false,1,,,,,,false,false,false,false,,,false,0688--,0694--,false,false,AGTR1###,10141,0688--:0694--:AGTR1###:010141
140960,CHEMBL567175,CHEMBL567175,CHEMBL567175,CHEMBL3952,CHEMBL753838,CHEMBL1124798,1990-06-28,BAO_0000192,Ki,332.0,6.48,BAO_0000249,CHEMBL567175,NALTRINDOLE,KNJKRQXCFJCQHC,true,false,2,,,,,,false,false,false,false,,,false,0688--,0694--,false,false,OPRK1###,10141,0688--:0694--:OPRK1###:010141
141073,CHEMBL108753,CHEMBL108753,CHEMBL108753,CHEMBL302,CHEMBL641297,CHEMBL1131608,1998-09-09,BAO_0000192,Ki,2400.0,5.62,BAO_0000249,CHEMBL108753,,TVZNWOVBAQXKHS,true,false,2,,,,,,false,false,false,false,,,false,0688--,0694--,false,false,ADORA2A#,10116,0688--:0694--:ADORA2A#:010116
142301,CHEMBL610015,CHEMBL610015,CHEMBL610015,CHEMBL4354,CHEMBL757482,CHEMBL1124798,1990-06-28,BAO_0000192,Ki,1.7,8.77,BAO_0000249,CHEMBL610015,,WGXUQUPBNGMMPM,true,false,2,,,,,,false,false,false,false,,,false,0688--,0694--,false,false,OPRM1###,10141,0688--:0694--:OPRM1###:010141
142302,CHEMBL610015,CHEMBL610015,CHEMBL610015,CHEMBL3952,CHEMBL755521,CHEMBL1124798,1990-06-28,BAO_0000192,Ki,15.0,7.82,BAO_0000249,CHEMBL610015,,WGXUQUPBNGMMPM,true,false,2,,,,,,false,false,false,false,,,false,0688--,0694--,false,false,OPRK1###,10141,0688--:0694--:OPRK1###:010141
143013,CHEMBL191,CHEMBL191,CHEMBL191,CHEMBL1671613,CHEMBL650301,CHEMBL1126656,1993-06-09,BAO_0000190,IC50,18.0,7.75,BAO_0000019,CHEMBL191,LOSARTAN,OXCMYAYHXIHQOA,true,false,1,,,,,,false,false,false,false,,,false,0688--,0694--,false,false,AGTR1###,10141,0688--:0694--:AGTR1###:010141
143571,CHEMBL610529,CHEMBL610529,CHEMBL610529,CHEMBL4354,CHEMBL757482,CHEMBL1124798,1990-06-28,BAO_0000192,Ki,49.0,7.31,BAO_0000249,CHEMBL610529,,GKAYFPSXBGBKFN,true,false,2,,,,,,false,false,false,false,,,false,0688--,0694--,false,false,OPRM1###,10141,0688--:0694--:OPRM1###:010141
143572,CHEMBL610529,CHEMBL610529,CHEMBL610529,CHEMBL3952,CHEMBL755521,CHEMBL1124798,1990-06-28,BAO_0000192,Ki,321.0,6.49,BAO_0000249,CHEMBL610529,,GKAYFPSXBGBKFN,true,false,2,,,,,,false,false,false,false,,,false,0688--,0694--,false,false,OPRK1###,10141,0688--:0694--:OPRK1###:010141
144590,CHEMBL609744,CHEMBL609744,CHEMBL609744,CHEMBL4354,CHEMBL757482,CHEMBL1124798,1990-06-28,BAO_0000192,Ki,28.0,7.55,BAO_0000249,CHEMBL609744,,XZBLPOKMIVGXML,true,false,2,,,,,,false,false,false,false,,,false,0688--,0694--,false,false,OPRM1###,10141,0688--:0694--:OPRM1###:010141
144591,CHEMBL609744,CHEMBL609744,CHEMBL609744,CHEMBL3952,CHEMBL755521,CHEMBL1124798,1990-06-28,BAO_0000192,Ki,746.0,6.13,BAO_0000249,CHEMBL609744,,XZBLPOKMIVGXML,true,false,2,,,,,,false,false,false,false,,,false,0688--,0694--,false,false,OPRK1###,10141,0688--:0694--:OPRK1###:010141
146540,CHEMBL7303,CHEMBL7303,CHEMBL7303,CHEMBL211,CHEMBL747481,CHEMBL1133759,2000-07-27,BAO_0000192,Ki,40.0,7.4,BAO_0000219,CHEMBL7303,ARECOLINE,HJJPJSXJAXAIPN,true,false,2,,,,,,false,false,false,false,,,false,0688--,0694--,false,false,CHRM2###,9606,0688--:0694--:CHRM2###:009606
146544,CHEMBL7303,CHEMBL7303,CHEMBL7303,CHEMBL1821,CHEMBL749864,CHEMBL1133759,2000-07-27,BAO_0000192,Ki,2400.0,5.62,BAO_0000219,CHEMBL7303,ARECOLINE,HJJPJSXJAXAIPN,true,false,2,,,,,,false,false,false,false,,,false,0688--,0694--,false,false,CHRM4###,9606,0688--:0694--:CHRM4###:009606
146994,CHEMBL52330,CHEMBL52330,CHEMBL52330,CHEMBL249,CHEMBL807955,CHEMBL1131179,1998-11-30,BAO_0000190,IC50,0.09,10.05,BAO_0000219,CHEMBL52330,,OYKIXMQKLMUJEK,true,false,1,,,,,,false,false,false,false,,,false,0688--,0694--,false,false,TACR1###,9606,0688--:0694--:TACR1###:009606
147890,CHEMBL274855,CHEMBL274855,CHEMBL274855,CHEMBL318,CHEMBL641070,CHEMBL1137083,2004-04-05,BAO_0000192,Ki,67.0,7.17,BAO_0000249,CHEMBL274855,,LNATVXLECNOWHK,true,false,2,,,,,,false,false,false,false,,,false,0688--,0694--,false,false,ADORA1##,10116,0688--:0694--:ADORA1##:010116
148067,CHEMBL183,CHEMBL183,CHEMBL183,CHEMBL318,CHEMBL642987,CHEMBL1125524,1992-09-17,BAO_0000192,Ki,0.46,9.34,BAO_0000249,CHEMBL183,"1,3-DIPROPYL-8-CYCLOPENTYLXANTHINE [DPCPX]",FFBDFADSZUINTG,true,false,3,,,,,,false,false,false,false,,,false,0688--,0694--,false,false,ADORA1##,10116,0688--:0694--:ADORA1##:010116
148678,CHEMBL56585,CHEMBL56585,CHEMBL56585,CHEMBL4354,CHEMBL751213,CHEMBL1134717,2001-09-20,BAO_0000192,Ki,0.32,9.49,BAO_0000357,CHEMBL56585,CYCLAZOCINE,YQYVFVRQLZMJKJ,true,false,2,,,,,,false,false,false,false,,,false,0688--,0694--,false,false,OPRM1###,10141,0688--:0694--:OPRM1###:010141
148679,CHEMBL56585,CHEMBL56585,CHEMBL56585,CHEMBL3952,CHEMBL754618,CHEMBL1134717,2001-09-20,BAO_0000192,Ki,0.18,9.74,BAO_0000357,CHEMBL56585,CYCLAZOCINE,YQYVFVRQLZMJKJ,true,false,1,,,,,,false,false,false,false,,,false,0688--,0694--,false,false,OPRK1###,10141,0688--:0694--:OPRK1###:010141
155232,CHEMBL1355736,CHEMBL1355736,,CHEMBL318,CHEMBL642675,CHEMBL1125524,1992-09-17,BAO_0000192,Ki,8470.0,5.07,BAO_0000249,CHEMBL1355736,THEOPHYLLINE,,true,false,3,,,,,,false,false,false,false,,,false,0688--,0694--,false,false,ADORA1##,10116,0688--:0694--:ADORA1##:010116
155281,CHEMBL268071,CHEMBL268071,CHEMBL268071,CHEMBL318,CHEMBL642987,CHEMBL1125524,1992-09-17,BAO_0000192,Ki,7.3,8.14,BAO_0000249,CHEMBL268071,,GVZAERDMOPXBGE,true,false,3,,,,,,false,false,false,false,,,false,0688--,0694--,false,false,ADORA1##,10116,0688--:0694--:ADORA1##:010116
156187,CHEMBL14,CHEMBL14,,CHEMBL211,CHEMBL747481,CHEMBL1133759,2000-07-27,BAO_0000192,Ki,20.0,7.7,BAO_0000219,CHEMBL965,CARBACHOL,,true,false,2,,,,,,false,false,false,false,,,false,0688--,0694--,false,false,CHRM2###,9606,0688--:0694--:CHRM2###:009606
156191,CHEMBL14,CHEMBL14,,CHEMBL1821,CHEMBL749864,CHEMBL1133759,2000-07-27,BAO_0000192,Ki,2600.0,5.58,BAO_0000219,CHEMBL965,CARBACHOL,,true,false,2,,,,,,false,false,false,false,,,false,0688--,0694--,false,false,CHRM4###,9606,0688--:0694--:CHRM4###:009606
159098,CHEMBL603,CHEMBL603,CHEMBL603,CHEMBL5645,CHEMBL666684,CHEMBL1131533,1998-05-21,BAO_0000192,Ki,0.3,9.52,BAO_0000357,CHEMBL603,ZAFIRLUKAST,YEEZWCHGZNKEEK,true,false,1,,,,,,false,false,false,false,,,false,0688--,0694--,false,false,CYSLTR1#,10141,0688--:0694--:CYSLTR1#:010141
162054,CHEMBL70,CHEMBL70,CHEMBL70,CHEMBL4354,CHEMBL751212,CHEMBL1134717,2001-09-20,BAO_0000192,Ki,0.88,9.06,BAO_0000019,CHEMBL70,MORPHINE,BQJCRHHNABKAKU,true,false,2,,,,,,false,false,false,false,,,false,0688--,0694--,false,false,OPRM1###,10141,0688--:0694--:OPRM1###:010141
162056,CHEMBL70,CHEMBL70,CHEMBL70,CHEMBL3952,CHEMBL754618,CHEMBL1134717,2001-09-20,BAO_0000192,Ki,24.0,7.62,BAO_0000357,CHEMBL70,MORPHINE,BQJCRHHNABKAKU,true,false,1,,,,,,false,false,false,false,,,false,0688--,0694--,false,false,OPRK1###,10141,0688--:0694--:OPRK1###:010141
168330,CHEMBL191,CHEMBL191,CHEMBL191,CHEMBL3948,CHEMBL652869,CHEMBL1127442,1994-09-22,BAO_0000190,IC50,40.0,7.4,BAO_0000221,CHEMBL191,LOSARTAN,OXCMYAYHXIHQOA,true,false,1,,,,,,false,false,false,false,,,false,0688--,0694--,false,false,AGTR1###,9986,0688--:0694--:AGTR1###:009986
180470,CHEMBL907,CHEMBL907,CHEMBL907,CHEMBL3948,CHEMBL652869,CHEMBL1127442,1994-09-22,BAO_0000190,IC50,2.8,8.55,BAO_0000221,CHEMBL907,CARBOXYLIC ACID METABOLITE,ZEUXAIYYDDCIRX,true,false,1,,,,,,false,false,false,false,,,false,0688--,0694--,false,false,AGTR1###,9986,0688--:0694--:AGTR1###:009986
190114,CHEMBL558018,CHEMBL558018,,CHEMBL4111,CHEMBL653279,CHEMBL1131588,1998-11-03,BAO_0000190,IC50,16.0,7.8,BAO_0000249,CHEMBL154188,,,true,false,2,,,,,,false,false,false,false,,,false,0688--,0694--,false,false,BDKRB2##,10141,0688--:0694--:BDKRB2##:010141
194244,CHEMBL418890,CHEMBL418890,CHEMBL418890,CHEMBL2868,CHEMBL820168,CHEMBL1133322,2000-06-20,BAO_0000190,IC50,23.0,7.64,BAO_0000357,CHEMBL418890,,QJUIBLKMWVDTSN,true,false,1,,,,,,false,false,false,false,,,false,0688--,0694--,false,false,AVPR1A##,10116,0688--:0694--:AVPR1A##:010116
194245,CHEMBL418890,CHEMBL418890,CHEMBL418890,CHEMBL1889,CHEMBL819421,CHEMBL1133322,2000-06-20,BAO_0000190,IC50,15.0,7.82,BAO_0000357,CHEMBL418890,,QJUIBLKMWVDTSN,true,false,1,,,,,,false,false,false,false,,,false,0688--,0694--,false,false,AVPR1A##,9606,0688--:0694--:AVPR1A##:009606
194246,CHEMBL418890,CHEMBL418890,CHEMBL418890,CHEMBL3766,CHEMBL820248,CHEMBL1133322,2000-06-20,BAO_0000190,IC50,3.1,8.51,BAO_0000357,CHEMBL418890,,QJUIBLKMWVDTSN,true,false,1,,,,,,false,false,false,false,,,false,0688--,0694--,false,false,AVPR2###,10116,0688--:0694--:AVPR2###:010116
194247,CHEMBL418890,CHEMBL418890,CHEMBL418890,CHEMBL1790,CHEMBL817838,CHEMBL1133322,2000-06-20,BAO_0000190,IC50,3.2,8.49,BAO_0000357,CHEMBL418890,,QJUIBLKMWVDTSN,true,false,1,,,,,,false,false,false,false,,,false,0688--,0694--,false,false,AVPR2###,9606,0688--:0694--:AVPR2###:009606
199514,CHEMBL538732,CHEMBL538732,,CHEMBL4111,CHEMBL653280,CHEMBL1131588,1998-11-03,BAO_0000190,IC50,0.5,9.3,BAO_0000249,CHEMBL1189415,,,true,false,2,,,,,,false,false,false,false,,,false,0688--,0694--,false,false,BDKRB2##,10141,0688--:0694--:BDKRB2##:010141
202087,CHEMBL131517,CHEMBL131517,CHEMBL131517,CHEMBL4111,CHEMBL653280,CHEMBL1131588,1998-11-03,BAO_0000190,IC50,8.9,8.05,BAO_0000249,CHEMBL131517,,QIOPRZCPPYEELJ,true,false,2,,,,,,false,false,false,false,,,false,0688--,0694--,false,false,BDKRB2##,10141,0688--:0694--:BDKRB2##:010141
206830,CHEMBL70,CHEMBL70,CHEMBL70,CHEMBL4354,CHEMBL753447,CHEMBL1125862,1991-09-25,BAO_0000192,Ki,3.3,8.48,BAO_0000357,CHEMBL70,MORPHINE,BQJCRHHNABKAKU,true,false,1,,,,,,false,false,false,false,,,false,0688--,0694--,false,false,OPRM1###,10141,0688--:0694--:OPRM1###:010141
207965,CHEMBL543899,CHEMBL543899,,CHEMBL4111,CHEMBL653280,CHEMBL1131588,1998-11-03,BAO_0000190,IC50,0.66,9.18,BAO_0000249,CHEMBL1192627,,,true,false,2,,,,,,false,false,false,false,,,false,0688--,0694--,false,false,BDKRB2##,10141,0688--:0694--:BDKRB2##:010141
217963,CHEMBL49429,CHEMBL49429,CHEMBL49429,CHEMBL2868,CHEMBL820168,CHEMBL1133322,2000-06-20,BAO_0000190,IC50,340.0,6.47,BAO_0000357,CHEMBL49429,LIXIVAPTAN,PPHTXRNHTVLQED,true,false,1,,,,,,false,false,false,false,,,false,0688--,0694--,false,false,AVPR1A##,10116,0688--:0694--:AVPR1A##:010116
217964,CHEMBL49429,CHEMBL49429,CHEMBL49429,CHEMBL1889,CHEMBL819421,CHEMBL1133322,2000-06-20,BAO_0000190,IC50,230.0,6.64,BAO_0000357,CHEMBL49429,LIXIVAPTAN,PPHTXRNHTVLQED,true,false,1,,,,,,false,false,false,false,,,false,0688--,0694--,false,false,AVPR1A##,9606,0688--:0694--:AVPR1A##:009606
217965,CHEMBL49429,CHEMBL49429,CHEMBL49429,CHEMBL3766,CHEMBL820248,CHEMBL1133322,2000-06-20,BAO_0000190,IC50,2.3,8.64,BAO_0000357,CHEMBL49429,LIXIVAPTAN,PPHTXRNHTVLQED,true,false,1,,,,,,false,false,false,false,,,false,0688--,0694--,false,false,AVPR2###,10116,0688--:0694--:AVPR2###:010116
217966,CHEMBL49429,CHEMBL49429,CHEMBL49429,CHEMBL1790,CHEMBL817838,CHEMBL1133322,2000-06-20,BAO_0000190,IC50,1.2,8.92,BAO_0000357,CHEMBL49429,LIXIVAPTAN,PPHTXRNHTVLQED,true,false,1,,,,,,false,false,false,false,,,false,0688--,0694--,false,false,AVPR2###,9606,0688--:0694--:AVPR2###:009606
219923,CHEMBL132620,CHEMBL132620,CHEMBL132620,CHEMBL4111,CHEMBL653280,CHEMBL1131588,1998-11-03,BAO_0000190,IC50,2.4,8.62,BAO_0000249,CHEMBL132620,,YLNASYHTPOFYSX,true,false,2,,,,,,false,false,false,false,,,false,0688--,0694--,false,false,BDKRB2##,10141,0688--:0694--:BDKRB2##:010141
220924,CHEMBL290543,CHEMBL290543,,CHEMBL4354,CHEMBL753447,CHEMBL1125862,1991-09-25,BAO_0000192,Ki,616.0,6.21,BAO_0000357,CHEMBL290543,,,true,false,1,,,,,,false,false,false,false,,,false,0688--,0694--,false,false,OPRM1###,10141,0688--:0694--:OPRM1###:010141
222186,CHEMBL336116,CHEMBL336116,CHEMBL336116,CHEMBL4111,CHEMBL653280,CHEMBL1131588,1998-11-03,BAO_0000190,IC50,9.0,8.05,BAO_0000249,CHEMBL336116,,ZJXYTTFIJKISPW,true,false,2,,,,,,false,false,false,false,,,false,0688--,0694--,false,false,BDKRB2##,10141,0688--:0694--:BDKRB2##:010141
228917,CHEMBL48192,CHEMBL48192,CHEMBL48192,CHEMBL1855,CHEMBL684407,CHEMBL1147503,2004-10-26,BAO_0000190,IC50,0.3,9.52,BAO_0000357,CHEMBL48192,,LQGVIIDLWCIUBJ,true,false,1,,,,,,false,false,false,false,,,false,0688--,0694--,false,false,GNRHR###,9606,0688--:0694--:GNRHR###:009606
241217,CHEMBL7550,CHEMBL7550,CHEMBL7550,CHEMBL3948,CHEMBL650274,CHEMBL1126573,1994-02-04,BAO_0000190,IC50,0.54,9.27,BAO_0000221,CHEMBL7550,L-158809,YFWXFHNZGKNDBC,true,false,1,,,,,,false,false,false,false,,,false,0688--,0694--,false,false,AGTR1###,9986,0688--:0694--:AGTR1###:009986
246567,CHEMBL54,CHEMBL54,CHEMBL54,CHEMBL339,CHEMBL672342,CHEMBL1131282,1999-01-26,BAO_0000192,Ki,0.2,9.7,BAO_0000357,CHEMBL54,HALOPERIDOL,LNEPOXFFQSENCJ,true,false,1,,,,,,true,false,true,false,,,false,0688--,0694--,false,false,DRD2####,10116,0688--:0694--:DRD2####:010116
257585,CHEMBL191,CHEMBL191,CHEMBL191,CHEMBL3948,CHEMBL650274,CHEMBL1126573,1994-02-04,BAO_0000190,IC50,54.0,7.27,BAO_0000221,CHEMBL191,LOSARTAN,OXCMYAYHXIHQOA,true,false,1,,,,,,false,false,false,false,,,false,0688--,0694--,false,false,AGTR1###,9986,0688--:0694--:AGTR1###:009986
258297,CHEMBL90725,CHEMBL90725,CHEMBL90725,CHEMBL3066,CHEMBL680262,CHEMBL1147503,2004-10-26,BAO_0000190,IC50,10.0,8.0,BAO_0000357,CHEMBL90725,,IXZTVVBIBRTWRH,true,false,1,,,,,,false,false,false,false,,,false,0688--,0694--,false,false,GNRHR###,10116,0688--:0694--:GNRHR###:010116
263545,CHEMBL294910,CHEMBL294910,CHEMBL294910,CHEMBL3066,CHEMBL680262,CHEMBL1147503,2004-10-26,BAO_0000190,IC50,10.0,8.0,BAO_0000357,CHEMBL294910,,IXZTVVBIBRTWRH,true,false,1,,,,,,false,false,false,false,,,false,0688--,0694--,false,false,GNRHR###,10116,0688--:0694--:GNRHR###:010116
265433,CHEMBL70,CHEMBL70,CHEMBL70,CHEMBL4354,CHEMBL747922,CHEMBL1127466,1994-10-27,BAO_0000192,Ki,38.0,7.42,BAO_0000218,CHEMBL70,MORPHINE,BQJCRHHNABKAKU,true,false,1,,,,,,false,false,false,false,,,false,0688--,0694--,false,false,OPRM1###,10141,0688--:0694--:OPRM1###:010141
271161,CHEMBL84363,CHEMBL84363,CHEMBL84363,CHEMBL2304404,CHEMBL643390,CHEMBL1126134,1992-10-26,BAO_0000192,Ki,3.0,8.52,BAO_0000249,CHEMBL84363,,OEPXIQLEKWHAGE,true,false,3,,,,,,false,false,false,false,,,false,0688--,0694--,false,false,ADORA1##,10141,0688--:0694--:ADORA1##:010141
276704,CHEMBL85606,CHEMBL85606,CHEMBL85606,CHEMBL234,CHEMBL679227,CHEMBL1134827,2001-08-16,BAO_0000192,Ki,10.0,8.0,BAO_0000219,CHEMBL85606,,OLWRVVHPJFLNPW,true,false,1,,,,,,true,false,true,false,,,false,0688--,0694--,false,false,DRD3####,9606,0688--:0694--:DRD3####:009606
33279,CHEMBL318723,CHEMBL318723,CHEMBL318723,CHEMBL3952,CHEMBL754629,CHEMBL1130663,1999-01-26,BAO_0000192,Ki,833.0,6.08,BAO_0000357,CHEMBL318723,,XYCWBUDSPOTODB,true,false,4,,,,,,false,false,false,false,,,false,0688--,0694--,false,false,OPRK1###,10141,0688--:0694--:OPRK1###:010141
34166,CHEMBL292779,CHEMBL292779,CHEMBL292779,CHEMBL1983,CHEMBL616910,CHEMBL1131027,1998-08-03,BAO_0000190,IC50,0.6,9.22,BAO_0000219,CHEMBL292779,,ZUTQCPBDRJBADG,true,false,1,,,,,,false,false,false,false,,,false,0688--,0694--,false,false,HTR1D###,9606,0688--:0694--:HTR1D###:009606
41129,CHEMBL341376,CHEMBL341376,CHEMBL341376,CHEMBL226,CHEMBL640560,CHEMBL1145112,2003-10-23,BAO_0000192,Ki,702.0,6.15,BAO_0000219,CHEMBL341376,,UYEQIRAILMVJGC,true,false,1,,,,,,false,false,false,false,,,false,0688--,0694--,false,false,ADORA1##,9606,0688--:0694--:ADORA1##:009606
41130,CHEMBL341376,CHEMBL341376,CHEMBL341376,CHEMBL251,CHEMBL643209,CHEMBL1145112,2003-10-23,BAO_0000192,Ki,423.0,6.37,BAO_0000219,CHEMBL341376,,UYEQIRAILMVJGC,true,false,1,,,,,,false,false,false,false,,,false,0688--,0694--,false,false,ADORA2A#,9606,0688--:0694--:ADORA2A#:009606
41131,CHEMBL341376,CHEMBL341376,CHEMBL341376,CHEMBL255,CHEMBL642009,CHEMBL1145112,2003-10-23,BAO_0000192,Ki,165.0,6.78,BAO_0000219,CHEMBL341376,,UYEQIRAILMVJGC,true,false,1,,,,,,false,false,false,false,,,false,0688--,0694--,false,false,ADORA2B#,9606,0688--:0694--:ADORA2B#:009606
41132,CHEMBL341376,CHEMBL341376,CHEMBL341376,CHEMBL256,CHEMBL641961,CHEMBL1145112,2003-10-23,BAO_0000192,Ki,0.81,9.09,BAO_0000219,CHEMBL341376,,UYEQIRAILMVJGC,true,false,1,,,,,,false,false,false,false,,,false,0688--,0694--,false,false,ADORA3##,9606,0688--:0694--:ADORA3##:009606
43767,CHEMBL65367,CHEMBL65367,CHEMBL65367,CHEMBL1983,CHEMBL616910,CHEMBL1131027,1998-08-03,BAO_0000190,IC50,0.2,9.7,BAO_0000219,CHEMBL65367,,PPQXZSWFDQGWBH,true,false,1,,,,,,false,false,false,false,,,false,0688--,0694--,false,false,HTR1D###,9606,0688--:0694--:HTR1D###:009606
44708,CHEMBL324735,CHEMBL324735,CHEMBL324735,CHEMBL226,CHEMBL640560,CHEMBL1145112,2003-10-23,BAO_0000192,Ki,594.0,6.23,BAO_0000219,CHEMBL324735,,OPNAVJJOJBREBM,true,false,1,,,,,,false,false,false,false,,,false,0688--,0694--,false,false,ADORA1##,9606,0688--:0694--:ADORA1##:009606
44709,CHEMBL324735,CHEMBL324735,CHEMBL324735,CHEMBL251,CHEMBL643209,CHEMBL1145112,2003-10-23,BAO_0000192,Ki,381.0,6.42,BAO_0000219,CHEMBL324735,,OPNAVJJOJBREBM,true,false,1,,,,,,false,false,false,false,,,false,0688--,0694--,false,false,ADORA2A#,9606,0688--:0694--:ADORA2A#:009606
44710,CHEMBL324735,CHEMBL324735,CHEMBL324735,CHEMBL255,CHEMBL642009,CHEMBL1145112,2003-10-23,BAO_0000192,Ki,222.0,6.65,BAO_0000219,CHEMBL324735,,OPNAVJJOJBREBM,true,false,1,,,,,,false,false,false,false,,,false,0688--,0694--,false,false,ADORA2B#,9606,0688--:0694--:ADORA2B#:009606
44711,CHEMBL324735,CHEMBL324735,CHEMBL324735,CHEMBL256,CHEMBL641961,CHEMBL1145112,2003-10-23,BAO_0000192,Ki,0.16,9.8,BAO_0000219,CHEMBL324735,,OPNAVJJOJBREBM,true,false,1,,,,,,false,false,false,false,,,false,0688--,0694--,false,false,ADORA3##,9606,0688--:0694--:ADORA3##:009606
45759,CHEMBL290543,CHEMBL290543,,CHEMBL3952,CHEMBL753169,CHEMBL1133725,2000-07-07,BAO_0000192,Ki,0.89,9.05,BAO_0000221,CHEMBL290543,,,true,false,2,,,,,,false,false,false,false,,,false,0688--,0694--,false,false,OPRK1###,10141,0688--:0694--:OPRK1###:010141
54813,CHEMBL16867,CHEMBL16867,CHEMBL16867,CHEMBL226,CHEMBL640560,CHEMBL1145112,2003-10-23,BAO_0000192,Ki,1.0,9.0,BAO_0000219,CHEMBL16867,,PUYNLRZJFOQWRV,true,false,1,,,,,,false,false,false,false,,,false,0688--,0694--,false,false,ADORA1##,9606,0688--:0694--:ADORA1##:009606
54814,CHEMBL16867,CHEMBL16867,CHEMBL16867,CHEMBL251,CHEMBL643209,CHEMBL1145112,2003-10-23,BAO_0000192,Ki,0.31,9.51,BAO_0000219,CHEMBL16867,,PUYNLRZJFOQWRV,true,false,1,,,,,,false,false,false,false,,,false,0688--,0694--,false,false,ADORA2A#,9606,0688--:0694--:ADORA2A#:009606
56803,CHEMBL319536,CHEMBL319536,CHEMBL319536,CHEMBL3952,CHEMBL754629,CHEMBL1130663,1999-01-26,BAO_0000192,Ki,52.0,7.28,BAO_0000357,CHEMBL319536,,ULOGPOOAAOSAOC,true,false,4,,,,,,false,false,false,false,,,false,0688--,0694--,false,false,OPRK1###,10141,0688--:0694--:OPRK1###:010141
66042,CHEMBL312341,CHEMBL312341,CHEMBL312341,CHEMBL5076,CHEMBL693576,CHEMBL1135250,2003-07-30,BAO_0000192,Ki,16.0,7.8,BAO_0000019,CHEMBL312341,,PFKNJJYPVQIPMM,true,false,1,,,,,,false,false,false,false,,,false,0688--,0694--,false,false,HRH3####,10141,0688--:0694--:HRH3####:010141
68335,CHEMBL19019,CHEMBL19019,CHEMBL19019,CHEMBL3952,CHEMBL754631,CHEMBL1130663,1999-01-26,BAO_0000192,Ki,4.71,8.33,BAO_0000357,CHEMBL19019,NALTREXONE,DQCKKXVULJGBQN,true,false,4,,,,,,false,false,false,false,,,false,0688--,0694--,false,false,OPRK1###,10141,0688--:0694--:OPRK1###:010141
68336,CHEMBL19019,CHEMBL19019,CHEMBL19019,CHEMBL4354,CHEMBL747921,CHEMBL1130663,1999-01-26,BAO_0000192,Ki,0.93,9.03,BAO_0000019,CHEMBL19019,NALTREXONE,DQCKKXVULJGBQN,true,false,2,,,,,,false,false,false,false,,,false,0688--,0694--,false,false,OPRM1###,10141,0688--:0694--:OPRM1###:010141
68338,CHEMBL19019,CHEMBL19019,CHEMBL19019,CHEMBL3952,CHEMBL753645,CHEMBL1130663,1999-01-26,BAO_0000192,Ki,2.05,8.69,BAO_0000019,CHEMBL19019,NALTREXONE,DQCKKXVULJGBQN,true,false,4,,,,,,false,false,false,false,,,false,0688--,0694--,false,false,OPRK1###,10141,0688--:0694--:OPRK1###:010141
68340,CHEMBL19019,CHEMBL19019,CHEMBL19019,CHEMBL3952,CHEMBL754629,CHEMBL1130663,1999-01-26,BAO_0000192,Ki,3.9,8.41,BAO_0000357,CHEMBL19019,NALTREXONE,DQCKKXVULJGBQN,true,false,4,,,,,,false,false,false,false,,,false,0688--,0694--,false,false,OPRK1###,10141,0688--:0694--:OPRK1###:010141
71312,CHEMBL42,CHEMBL42,CHEMBL42,CHEMBL5456,CHEMBL671035,CHEMBL1128213,1996-01-25,BAO_0000192,Ki,254.0,6.59,BAO_0000357,CHEMBL42,CLOZAPINE,QZUDBNBUXVUHMW,true,false,1,,,,,,true,false,true,false,,,false,0688--,0694--,false,false,DRD2####,9534,0688--:0694--:DRD2####:009534
72337,CHEMBL417292,CHEMBL417292,CHEMBL417292,CHEMBL256,CHEMBL645778,CHEMBL1134070,2002-01-30,BAO_0000192,Ki,4.13,8.38,BAO_0000219,CHEMBL417292,,VIXCVSNTFYSXDO,true,false,2,,,,,,false,false,false,false,,,false,0688--,0694--,false,false,ADORA3##,9606,0688--:0694--:ADORA3##:009606
74975,CHEMBL2364548,CHEMBL2364548,,CHEMBL318,CHEMBL640781,CHEMBL1125345,1992-12-01,BAO_0000192,Ki,74.0,7.13,BAO_0000357,CHEMBL411732,,,true,false,2,,,,,,false,false,false,false,,,false,0688--,0694--,false,false,ADORA1##,10116,0688--:0694--:ADORA1##:010116
75632,CHEMBL7550,CHEMBL7550,CHEMBL7550,CHEMBL3948,CHEMBL646330,CHEMBL1126739,1993-08-31,BAO_0000190,IC50,0.3,9.52,BAO_0000357,CHEMBL7550,L-158809,YFWXFHNZGKNDBC,true,false,1,,,,,,false,false,false,false,,,false,0688--,0694--,false,false,AGTR1###,9986,0688--:0694--:AGTR1###:009986
77752,CHEMBL284216,CHEMBL284216,CHEMBL284216,CHEMBL256,CHEMBL645778,CHEMBL1134070,2002-01-30,BAO_0000192,Ki,466.0,6.33,BAO_0000219,CHEMBL284216,,BUOKJEIZVUAMBO,true,false,2,,,,,,false,false,false,false,,,false,0688--,0694--,false,false,ADORA3##,9606,0688--:0694--:ADORA3##:009606
78157,CHEMBL18840,CHEMBL18840,CHEMBL18840,CHEMBL3426,CHEMBL620714,CHEMBL1145819,2003-08-07,BAO_0000192,Ki,20.0,7.7,BAO_0000357,CHEMBL18840,,WKZLNEWVIAGNAW,true,false,2,,,,,,false,false,false,false,,,false,0688--,0694--,false,false,HTR5A###,9606,0688--:0694--:HTR5A###:009606
80080,CHEMBL573214,CHEMBL573214,CHEMBL573214,CHEMBL4354,CHEMBL842491,CHEMBL1126669,1993-02-16,BAO_0000192,Ki,47.0,7.33,BAO_0000249,CHEMBL573214,NORBINALTORPHIMINE,APSUXPSYBJVPPS,true,false,1,,,,,,false,false,false,false,,,false,0688--,0694--,false,false,OPRM1###,10141,0688--:0694--:OPRM1###:010141
80434,CHEMBL96729,CHEMBL96729,CHEMBL96729,CHEMBL3426,CHEMBL620714,CHEMBL1145819,2003-08-07,BAO_0000192,Ki,5000.0,5.3,BAO_0000357,CHEMBL96729,,DYMDQHOPDGWGOY,true,false,2,,,,,,false,false,false,false,,,false,0688--,0694--,false,false,HTR5A###,9606,0688--:0694--:HTR5A###:009606
90287,CHEMBL287321,CHEMBL287321,CHEMBL287321,CHEMBL251,CHEMBL641568,CHEMBL1134070,2002-01-30,BAO_0000192,Ki,22500.0,4.65,BAO_0000249,CHEMBL287321,,ASKACUUUNFXIND,true,false,1,,,,,,false,false,false,false,,,false,0688--,0694--,false,false,ADORA2A#,9606,0688--:0694--:ADORA2A#:009606
90288,CHEMBL287321,CHEMBL287321,CHEMBL287321,CHEMBL256,CHEMBL645781,CHEMBL1134070,2002-01-30,BAO_0000192,Ki,404.0,6.39,BAO_0000219,CHEMBL287321,,ASKACUUUNFXIND,true,false,2,,,,,,false,false,false,false,,,false,0688--,0694--,false,false,ADORA3##,9606,0688--:0694--:ADORA3##:009606
92681,CHEMBL478,CHEMBL478,CHEMBL478,CHEMBL3597,CHEMBL881821,CHEMBL1145819,2003-08-07,BAO_0000192,Ki,8700.0,5.06,BAO_0000357,CHEMBL478,CHLOROPHENYLPIPERAZINE,VHFVKMTVMIZMIK,true,false,2,,,,,,false,false,false,false,,,false,0688--,0694--,false,false,HTR5A###,10090,0688--:0694--:HTR5A###:010090
95645,CHEMBL267930,CHEMBL267930,CHEMBL267930,CHEMBL3155,CHEMBL620823,CHEMBL1145819,2003-08-07,BAO_0000192,Ki,110.0,6.96,BAO_0000357,CHEMBL267930,SPIPERONE,DKGZKTPJOSAWFA,true,false,3,,,,,,false,false,false,false,,,false,0688--,0694--,false,false,HTR7####,9606,0688--:0694--:HTR7####:009606
