index,hgnc_id,taxon_id,sequence_length,xref_iuphar,gtop_target_id,gtop_natural_ligands_n,gtop_interactions_n,uniprot_version,GuidetoPHARMACOLOGY,tax_id,protein_class_pred_evidence,iuphar_target_id,iuphar_family_id
hgnc_id,,,,,,,,,,,,,
taxon_id,,,,,,,,,,,,,
sequence_length,,,,,,,,,,,,,
xref_iuphar,,,,,,,,,,,,,
gtop_target_id,,,,,,,,,,,,,
gtop_natural_ligands_n,,,,,,,,,,,,,
gtop_interactions_n,,,,,,,,,,,,,
uniprot_version,,,,,,,,,,,,,
GuidetoPHARMACOLOGY,,,,,,,,,,,,,
tax_id,,,,,,,,,,,,,
protein_class_pred_evidence,,,,,,,,,,,,,
iuphar_target_id,,,,,,,,,,,,,
iuphar_family_id,,,,,,,,,,,,,
