index,activity_id,pchembl_value,potential_duplicate,record_id,src_id,value,standard_value,lower_value,upper_value,activity_chembl_id,log_value
activity_id,1.0,0.15638445793029582,-0.0828931608094823,0.11989029331297067,,-0.1187998840831597,-0.11377048091625751,-0.11377048091625751,-0.11377048091625751,1.0,0.15638445793029582
pchembl_value,0.15638445793029582,1.0,0.1365302914121347,0.16115993890725064,,-0.49094361301027517,-0.525865044642091,-0.525865044642091,-0.525865044642091,0.15638445793029582,1.0
potential_duplicate,-0.0828931608094823,0.1365302914121347,1.0,0.36989977864317974,,-0.07628578255390724,-0.05782423533863269,-0.05782423533863269,-0.05782423533863269,-0.0828931608094823,0.13653029141213457
record_id,0.11989029331297067,0.16115993890725064,0.36989977864317974,1.0,,-0.10140425077451433,-0.10151988887698789,-0.10151988887698789,-0.10151988887698789,0.11989029331297064,0.1611599389072506
src_id,,,,,,,,,,,
value,-0.1187998840831597,-0.49094361301027517,-0.07628578255390724,-0.10140425077451433,,1.0,0.9915375510971344,0.9915375510971344,0.9915375510971344,-0.11879988408315967,-0.49094361301027517
standard_value,-0.11377048091625751,-0.525865044642091,-0.05782423533863269,-0.10151988887698789,,0.9915375510971344,1.0,1.0,1.0,-0.1137704809162575,-0.5258650446420909
lower_value,-0.11377048091625751,-0.525865044642091,-0.05782423533863269,-0.10151988887698789,,0.9915375510971344,1.0,1.0,1.0,-0.1137704809162575,-0.5258650446420909
upper_value,-0.11377048091625751,-0.525865044642091,-0.05782423533863269,-0.10151988887698789,,0.9915375510971344,1.0,1.0,1.0,-0.1137704809162575,-0.5258650446420909
activity_chembl_id,1.0,0.15638445793029582,-0.0828931608094823,0.11989029331297064,,-0.11879988408315967,-0.1137704809162575,-0.1137704809162575,-0.1137704809162575,1.0,0.15638445793029582
log_value,0.15638445793029582,1.0,0.13653029141213457,0.1611599389072506,,-0.49094361301027517,-0.5258650446420909,-0.5258650446420909,-0.5258650446420909,0.15638445793029582,1.0
