column,non_null,non_empty,empty_pct,unique_cnt,unique_pct_of_non_empty,pattern_cov_doi,pattern_cov_issn,pattern_cov_isbn,pattern_cov_url,pattern_cov_email,bool_like_cov,numeric_cov,numeric_min,numeric_p50,numeric_p95,numeric_max,numeric_mean,numeric_std,date_cov,date_min,date_p50,date_max,text_len_min,text_len_p50,text_len_p95,text_len_max,guessed_roles,top_values
assay_chembl_id,1,1,0.0,1,1.0,0.0,0.0,0.0,0.0,0.0,0.0,0.0,,,,,,,0.0,,,,13.0,13.0,13.0,13.0,identifier-like,CHEMBL1000139 (1)
accession,0,0,1.0,0,,0.0,0.0,0.0,0.0,0.0,0.0,0.0,,,,,,,0.0,,,,,,,,categorical,
acts_per_assay_step5,0,0,1.0,0,,0.0,0.0,0.0,0.0,0.0,0.0,0.0,,,,,,,0.0,,,,,,,,categorical,
assay_cell_type,0,0,1.0,0,,0.0,0.0,0.0,0.0,0.0,0.0,0.0,,,,,,,0.0,,,,,,,,categorical,
assay_subcellular_fraction,1,1,0.0,1,1.0,0.0,0.0,0.0,0.0,0.0,0.0,0.0,,,,,,,0.0,,,,8.0,8.0,8.0,8.0,identifier-like,Membrane (1)
assay_group,0,0,1.0,0,,0.0,0.0,0.0,0.0,0.0,0.0,0.0,,,,,,,0.0,,,,,,,,categorical,
assay_tissue,1,1,0.0,1,1.0,0.0,0.0,0.0,0.0,0.0,0.0,0.0,,,,,,,0.0,,,,5.0,5.0,5.0,5.0,identifier-like,Liver (1)
assay_strain,0,0,1.0,0,,0.0,0.0,0.0,0.0,0.0,0.0,0.0,,,,,,,0.0,,,,,,,,categorical,
bao_format,1,1,0.0,1,1.0,0.0,0.0,0.0,0.0,0.0,0.0,0.0,,,,,,,0.0,,,,11.0,11.0,11.0,11.0,identifier-like,BAO_0000249 (1)
cited_assay_corr,0,0,1.0,0,,0.0,0.0,0.0,0.0,0.0,0.0,0.0,,,,,,,0.0,,,,,,,,categorical,
description,1,1,0.0,1,1.0,0.0,0.0,0.0,0.0,0.0,0.0,0.0,,,,,,,0.0,,,,74.0,74.0,74.0,74.0,identifier-like,Displacement of [3H](-)-(S)-emopamil from EBP in guinea pig  (1)
document_chembl_id,1,1,0.0,1,1.0,0.0,0.0,0.0,0.0,0.0,0.0,0.0,,,,,,,0.0,,,,13.0,13.0,13.0,13.0,identifier-like,CHEMBL1140235 (1)
isoform,0,0,1.0,0,,0.0,0.0,0.0,0.0,0.0,0.0,0.0,,,,,,,0.0,,,,,,,,categorical,
month,0,0,1.0,0,,0.0,0.0,0.0,0.0,0.0,0.0,0.0,,,,,,,0.0,,,,,,,,categorical,
mutation,0,0,1.0,0,,0.0,0.0,0.0,0.0,0.0,0.0,0.0,,,,,,,0.0,,,,,,,,categorical,
substrate_name,0,0,1.0,0,,0.0,0.0,0.0,0.0,0.0,0.0,0.0,,,,,,,0.0,,,,,,,,categorical,
target_chembl_id,1,1,0.0,1,1.0,0.0,0.0,0.0,0.0,0.0,0.0,0.0,,,,,,,0.0,,,,10.0,10.0,10.0,10.0,identifier-like,CHEMBL5525 (1)
target_name,0,0,1.0,0,,0.0,0.0,0.0,0.0,0.0,0.0,0.0,,,,,,,0.0,,,,,,,,categorical,
version,0,0,1.0,0,,0.0,0.0,0.0,0.0,0.0,0.0,0.0,,,,,,,0.0,,,,,,,,categorical,
year,1,1,0.0,1,1.0,0.0,0.0,0.0,0.0,0.0,0.0,1.0,2009.0,2009.0,2009.0,2009.0,2009.0,0.0,1.0,1970-01-01 00:00:00.000002009,1970-01-01 00:00:00.000002009,1970-01-01 00:00:00.000002009,4.0,4.0,4.0,4.0,date|numeric|identifier-like,2009 (1)
pipeline_version,1,1,0.0,1,1.0,0.0,0.0,0.0,0.0,0.0,0.0,0.0,,,,,,,0.0,,,,5.0,5.0,5.0,5.0,identifier-like,0.1.3 (1)
timestamp_utc,1,1,0.0,1,1.0,0.0,0.0,0.0,0.0,0.0,0.0,0.0,,,,,,,1.0,2025-10-06 23:57:39.238111000,2025-10-06 23:57:39.238110976,2025-10-06 23:57:39.238111000,32.0,32.0,32.0,32.0,date|identifier-like,2025-10-06T23:57:39.238111+00:00 (1)
aidx,1,1,0.0,1,1.0,0.0,0.0,0.0,0.0,0.0,0.0,0.0,,,,,,,0.0,,,,4.0,4.0,4.0,4.0,identifier-like,CLD0 (1)
assay_classifications,1,1,0.0,1,1.0,0.0,0.0,0.0,0.0,0.0,0.0,0.0,,,,,,,0.0,,,,2.0,2.0,2.0,2.0,identifier-like,[] (1)
assay_organism,1,1,0.0,1,1.0,0.0,0.0,0.0,0.0,0.0,0.0,0.0,,,,,,,0.0,,,,15.0,15.0,15.0,15.0,identifier-like,Cavia porcellus (1)
assay_parameters,1,1,0.0,1,1.0,0.0,0.0,0.0,0.0,0.0,0.0,0.0,,,,,,,0.0,,,,2.0,2.0,2.0,2.0,identifier-like,[] (1)
assay_tax_id,1,1,0.0,1,1.0,0.0,0.0,0.0,0.0,0.0,0.0,1.0,10141.0,10141.0,10141.0,10141.0,10141.0,0.0,1.0,1970-01-01 00:00:00.000010141,1970-01-01 00:00:00.000010141,1970-01-01 00:00:00.000010141,5.0,5.0,5.0,5.0,date|numeric|identifier-like,10141 (1)
assay_test_type,0,0,1.0,0,,0.0,0.0,0.0,0.0,0.0,0.0,0.0,,,,,,,0.0,,,,,,,,categorical,
assay_type,1,1,0.0,1,1.0,0.0,0.0,0.0,0.0,0.0,0.0,0.0,,,,,,,0.0,,,,1.0,1.0,1.0,1.0,identifier-like,B (1)
assay_type_description,1,1,0.0,1,1.0,0.0,0.0,0.0,0.0,0.0,0.0,0.0,,,,,,,0.0,,,,7.0,7.0,7.0,7.0,identifier-like,Binding (1)
assay_with_same_target,1,1,0.0,1,1.0,0.0,0.0,0.0,0.0,0.0,0.0,1.0,1.0,1.0,1.0,1.0,1.0,0.0,1.0,1970-01-01 00:00:00.000000001,1970-01-01 00:00:00.000000001,1970-01-01 00:00:00.000000001,1.0,1.0,1.0,1.0,date|numeric|identifier-like,1 (1)
bao_label,1,1,0.0,1,1.0,0.0,0.0,0.0,0.0,0.0,0.0,0.0,,,,,,,0.0,,,,20.0,20.0,20.0,20.0,identifier-like,cell membrane format (1)
cell_chembl_id,0,0,1.0,0,,0.0,0.0,0.0,0.0,0.0,0.0,0.0,,,,,,,0.0,,,,,,,,categorical,
confidence_score,1,1,0.0,1,1.0,0.0,0.0,0.0,0.0,0.0,0.0,1.0,9.0,9.0,9.0,9.0,9.0,0.0,1.0,1970-01-01 00:00:00.000000009,1970-01-01 00:00:00.000000009,1970-01-01 00:00:00.000000009,1.0,1.0,1.0,1.0,date|numeric|identifier-like,9 (1)
relationship_type,1,1,0.0,1,1.0,0.0,0.0,0.0,0.0,0.0,0.0,0.0,,,,,,,0.0,,,,1.0,1.0,1.0,1.0,identifier-like,D (1)
sequence,0,0,1.0,0,,0.0,0.0,0.0,0.0,0.0,0.0,0.0,,,,,,,0.0,,,,,,,,categorical,
src_id,1,1,0.0,1,1.0,0.0,0.0,0.0,0.0,0.0,0.0,1.0,1.0,1.0,1.0,1.0,1.0,0.0,1.0,1970-01-01 00:00:00.000000001,1970-01-01 00:00:00.000000001,1970-01-01 00:00:00.000000001,1.0,1.0,1.0,1.0,date|numeric|identifier-like,1 (1)
tissue_chembl_id,1,1,0.0,1,1.0,0.0,0.0,0.0,0.0,0.0,0.0,0.0,,,,,,,0.0,,,,13.0,13.0,13.0,13.0,identifier-like,CHEMBL3559723 (1)
