index,hgnc_id,tax_id,species_group_flag,GuidetoPHARMACOLOGY,acetylation,disulfide_bond,glycosylation,gtop_interactions_n,intramembrane,lipidation,modified_residue,phosphorylation,propeptide,sequence_length,signal_peptide,taxon_id,transmembrane,ubiquitination,uniprot_version,target_id,IUPHAR_family_id
hgnc_id,,,,,,,,,,,,,,,,,,,,,
tax_id,,,,,,,,,,,,,,,,,,,,,
species_group_flag,,,,,,,,,,,,,,,,,,,,,
GuidetoPHARMACOLOGY,,,,,,,,,,,,,,,,,,,,,
acetylation,,,,,,,,,,,,,,,,,,,,,
disulfide_bond,,,,,,,,,,,,,,,,,,,,,
glycosylation,,,,,,,,,,,,,,,,,,,,,
gtop_interactions_n,,,,,,,,,,,,,,,,,,,,,
intramembrane,,,,,,,,,,,,,,,,,,,,,
lipidation,,,,,,,,,,,,,,,,,,,,,
modified_residue,,,,,,,,,,,,,,,,,,,,,
phosphorylation,,,,,,,,,,,,,,,,,,,,,
propeptide,,,,,,,,,,,,,,,,,,,,,
sequence_length,,,,,,,,,,,,,,,,,,,,,
signal_peptide,,,,,,,,,,,,,,,,,,,,,
taxon_id,,,,,,,,,,,,,,,,,,,,,
transmembrane,,,,,,,,,,,,,,,,,,,,,
ubiquitination,,,,,,,,,,,,,,,,,,,,,
uniprot_version,,,,,,,,,,,,,,,,,,,,,
target_id,,,,,,,,,,,,,,,,,,,,,
IUPHAR_family_id,,,,,,,,,,,,,,,,,,,,,
