PMID,document_chembl_id,doi,reference,completed,sortorder.document,review,experimental,document_contains_external_links,invalid,title,abstract,PubMed.mesh.descriptors,PubMed.mesh.qualifiers,PubMed.chemical.list,OpenAlex.mesh.descriptors,PubMed.Volume,PubMed.Issue,PubMed.StartPage,PubMed.EndPage,PubMed.ISSN,PubMed.PublicationType,PubMed.YearCompleted,PubMed.MonthCompleted,PubMed.DayCompleted,PubMed.YearRevised,PubMed.MonthRevised,PubMed.DayRevised,PubMed.Error,scholar.PMID,scholar.DOI,scholar.PublicationTypes,scholar.Venue,scholar.SemanticScholarId,scholar.ExternalIds,OpenAlex.PMID,OpenAlex.DOI,OpenAlex.TypeCrossref,OpenAlex.Id,crossref.DOI,crossref.Type,crossref.Title,ChEMBL.title,ChEMBL.abstract,ChEMBL.year,ChEMBL.journal,ChEMBL.journal_abbrev,ChEMBL.volume,ChEMBL.issue,ChEMBL.first_page,ChEMBL.last_page,ChEMBL.pubmed_id,ChEMBL.authors,ChEMBL.source,invalid.doi,invalid.PMID,invalid.reference,year,month,day
1319495,CHEMBL1126080,10.1021/jm00090a015,"journal of medicinal chemistry, 35(12), p.2243-2247",1992-07-27,0022-2623:1992-07-27:01319495,false,true,false,false,Selective reversible and irreversible ligands for the kappa opioid receptor.,"(+-)-(5 beta,7 alpha,8 beta)-3,4-Dichloro-N-methyl-N-[3-methylene-2- oxo-8-(1-pyrrolidinyl)-1-oxaspiro[4,5]dec-7-yl]benzeneacetamide (14) and its (5 alpha,7 alpha,8 beta) diastereomer 15 have been synthesized from 1,4-cyclohexanedione monoethylene ketal (1) in 10 steps. Compound 14, which we have designated SMBU-1, was found to bind with moderate affinity (Ki = 109 nM) and good selectivity (mu/kappa = 29) to the kappa opioid receptor, while 15 was only 1/10 as potent as a kappa ligand. Preincubation of brain membranes with 14 resulted in wash-resistant inhibition of kappa-receptor binding (69 +/- 6% of control at 10(-6) M). The ketone precursor trans-N-methyl-N-[5-oxo-2-(1- pyrrolidinyl)cyclohexyl]benzeneacetamide (12) showed a higher kappa-affinity (Ki = 78 nM) and a much higher kappa-selectivity (mu/kappa = 166) than 14. Compound 10, the ethylene ketal precursor of 12, exhibited a similar receptor binding profile to 14, with increased kappa-selectivity (mu/kappa = 55), while ketal 11, being a regioisomer of 10 and an oxygen isostere of the kappa-selective analgesic spiradoline (U-62,066), demonstrated the highest kappa-affinity (Ki = 1.5 nM) and kappa-selectivity (mu/kappa = 468) observed in this series.","benzeneacetamides|magnetic resonance spectroscopy|molecular structure|pyrrolidines|receptors, opioid|receptors, opioid, kappa|spiro compounds|stereoisomerism|structure-activity relationship",chemical synthesis|metabolism|metabolism|chemical synthesis|metabolism,"benzeneacetamides|pyrrolidines|receptors, opioid|receptors, opioid, kappa|spiro compounds|3,4-dichloro-n-methyl-n-(3-methylene-2-oxo-8-(1-pyrrolidinyl)-1-oxaspiro(4,5)dec-7-yl)benzeneacetamide|spiradoline","benzeneacetamides|pyrrolidines|receptors, opioid|spiro compounds|magnetic resonance spectroscopy|molecular structure|pyrrolidines|pyrrolidines|receptors, opioid|receptors, opioid, kappa|spiro compounds|spiro compounds|stereoisomerism|structure-activity relationship",35,12,2243,2247,0022-2623,"Comparative Study|Journal Article|Research Support, Non-U.S. Gov't",1992,7,27,2019,7,9,,1319495,10.1021/jm00090a015,JournalArticle; Study,Journal of Medicinal Chemistry,a0e59a901220d735a9c780e22f0fd8850f33be59,"{""MAG"": ""2045483165"", ""DOI"": ""10.1021/JM00090A015"", ""CorpusId"": 8419642, ""PubMed"": ""1319495""}",1319495,10.1021/jm00090a015,journal-article,https://openalex.org/W2045483165,10.1021/jm00090a015,journal-article,Selective reversible and irreversible ligands for the .kappa. opioid receptor,Selective reversible and irreversible ligands for the kappa opioid receptor.,"(+-)-(5 beta,7 alpha,8 beta)-3,4-Dichloro-N-methyl-N-[3-methylene-2- oxo-8-(1-pyrrolidinyl)-1-oxaspiro[4,5]dec-7-yl]benzeneacetamide (14) and its (5 alpha,7 alpha,8 beta) diastereomer 15 have been synthesized from 1,4-cyclohexanedione monoethylene ketal (1) in 10 steps. Compound 14, which we have designated SMBU-1, was found to bind with moderate affinity (Ki = 109 nM) and good selectivity (mu/kappa = 29) to the kappa opioid receptor, while 15 was only 1/10 as potent as a kappa ligand. Preincubation of brain membranes with 14 resulted in wash-resistant inhibition of kappa-receptor binding (69 +/- 6% of control at 10(-6) M). The ketone precursor trans-N-methyl-N-[5-oxo-2-(1- pyrrolidinyl)cyclohexyl]benzeneacetamide (12) showed a higher kappa-affinity (Ki = 78 nM) and a much higher kappa-selectivity (mu/kappa = 166) than 14. Compound 10, the ethylene ketal precursor of 12, exhibited a similar receptor binding profile to 14, with increased kappa-selectivity (mu/kappa = 55), while ketal 11, being a regioisomer of 10 and an oxygen isostere of the kappa-selective analgesic spiradoline (U-62,066), demonstrated the highest kappa-affinity (Ki = 1.5 nM) and kappa-selectivity (mu/kappa = 468) observed in this series.",1992,journal of medicinal chemistry,J Med Chem,35,12,2243,2247,01319495,"Cheng CY, Wu SC, Hsin LW, Tam SW.",ChEMBL,false,false,false,1992,07,27
15317460,CHEMBL1137211,10.1021/jm0400653,"journal of medicinal chemistry, 47(18), p.4483-4493",2004-09-24,0022-2623:2004-09-24:15317460,false,true,false,false,"Inhibitors of phenylethanolamine N-methyltransferase that are predicted to penetrate the blood-brain barrier: design, synthesis, and evaluation of 3-fluoromethyl-7-(N-substituted aminosulfonyl)-1,2,3,4-tetrahydroisoquinolines that possess low affinity toward the alpha2-adrenoceptor.","(+/-)-7-Aminosulfonyl-3-fluoromethyl-1,2,3,4-tetrahydroisoquinoline (7) is one of the most potent and selective inhibitors of phenylethanolamine N-methyltransferase (PNMT) reported to date, but a blood-brain barrier (BBB) model indicates that it cannot penetrate the BBB. To increase the lipophilicity of 7 by addition of a nonpolar substituent to the sulfonamide nitrogen, a small library of (+/-)-3-fluoromethyl-7-(N-substituted aminosulfonyl)-1,2,3,4-tetrahydroisoquinolines was synthesized and evaluated as inhibitors of PNMT and for affinity at the alpha2-adrenoceptor. In addition, this library probed the PNMT active site surrounding the sulfonamide nitrogen of 7. Bulky substituents on the sulfonamide nitrogen are disfavored at the PNMT active site more so than at the alpha2-adrenoceptor (thus reducing selectivity). On the other hand, alkyl chains on the sulfonamide nitrogen that contain an electron dense atom, such as a fluorine, are favored in the PNMT active site and possess little alpha2-adrenoceptor affinity, thereby conferring good selectivity (>500). Several members of the library (8, 14, 17, and 18) have excellent PNMT inhibitory potency and selectivity and are predicted, on the basis of their ClogP value (>0.5), to penetrate the BBB to a significant extent. Compounds 17 and 18 are the most potent and selective PNMT inhibitors reported to date.","binding sites|blood-brain barrier|drug design|enzyme inhibitors|humans|models, molecular|phenylethanolamine n-methyltransferase|receptors, adrenergic, alpha-2|structure-activity relationship|tetrahydroisoquinolines",metabolism|chemistry|pharmacokinetics|antagonists & inhibitors|metabolism|chemical synthesis|metabolism|pharmacokinetics,"enzyme inhibitors|receptors, adrenergic, alpha-2|tetrahydroisoquinolines|phenylethanolamine n-methyltransferase","blood-brain barrier|drug design|enzyme inhibitors|phenylethanolamine n-methyltransferase|tetrahydroisoquinolines|binding sites|blood-brain barrier|enzyme inhibitors|enzyme inhibitors|humans|models, molecular|phenylethanolamine n-methyltransferase|receptors, adrenergic, alpha-2|receptors, adrenergic, alpha-2|structure-activity relationship|tetrahydroisoquinolines|tetrahydroisoquinolines|tetrahydroisoquinolines",47,18,4483,4493,0022-2623,"Journal Article|Research Support, Non-U.S. Gov't|Research Support, U.S. Gov't, Non-P.H.S.|Research Support, U.S. Gov't, P.H.S.",2004,9,24,2007,11,14,,15317460,10.1021/jm0400653,JournalArticle,Journal of Medicinal Chemistry,84336c0764a8431f736d16ff36a56462547187ef,"{""MAG"": ""2057465577"", ""DOI"": ""10.1021/JM0400653"", ""CorpusId"": 25033763, ""PubMed"": ""15317460""}",15317460,10.1021/jm0400653,journal-article,https://openalex.org/W2057465577,10.1021/jm0400653,journal-article,"Inhibitors of Phenylethanolamine <i>N</i>-Methyltransferase That Are Predicted To Penetrate the Blood−Brain Barrier:  Design, Synthesis, and Evaluation of 3-Fluoromethyl-7-(<i>N</i>-substituted aminosulfonyl)-1,2,3,4-tetrahydroisoquinolines That Possess Low Affinity toward the α<sub>2</sub>-Adrenoceptor","Inhibitors of phenylethanolamine N-methyltransferase that are predicted to penetrate the blood-brain barrier: design, synthesis, and evaluation of 3-fluoromethyl-7-(N-substituted aminosulfonyl)-1,2,3,4-tetrahydroisoquinolines that possess low affinity toward the alpha2-adrenoceptor.","(+/-)-7-Aminosulfonyl-3-fluoromethyl-1,2,3,4-tetrahydroisoquinoline (7) is one of the most potent and selective inhibitors of phenylethanolamine N-methyltransferase (PNMT) reported to date, but a blood-brain barrier (BBB) model indicates that it cannot penetrate the BBB. To increase the lipophilicity of 7 by addition of a nonpolar substituent to the sulfonamide nitrogen, a small library of (+/-)-3-fluoromethyl-7-(N-substituted aminosulfonyl)-1,2,3,4-tetrahydroisoquinolines was synthesized and evaluated as inhibitors of PNMT and for affinity at the alpha2-adrenoceptor. In addition, this library probed the PNMT active site surrounding the sulfonamide nitrogen of 7. Bulky substituents on the sulfonamide nitrogen are disfavored at the PNMT active site more so than at the alpha2-adrenoceptor (thus reducing selectivity). On the other hand, alkyl chains on the sulfonamide nitrogen that contain an electron dense atom, such as a fluorine, are favored in the PNMT active site and possess little alpha2-adrenoceptor affinity, thereby conferring good selectivity (>500). Several members of the library (8, 14, 17, and 18) have excellent PNMT inhibitory potency and selectivity and are predicted, on the basis of their ClogP value (>0.5), to penetrate the BBB to a significant extent. Compounds 17 and 18 are the most potent and selective PNMT inhibitors reported to date.",2004,journal of medicinal chemistry,J Med Chem,47,18,4483,4493,15317460,"Romero FA, Vodonick SM, Criscione KR, McLeish MJ, Grunewald GL.",ChEMBL,false,false,false,2004,09,24
16078848,CHEMBL1145166,10.1021/jm050235r,"journal of medicinal chemistry, 48(16), p.5305-5320",2005-09-27,0022-2623:2005-09-27:16078848,false,true,false,false,"Dipeptides as effective prodrugs of the unnatural amino acid (+)-2-aminobicyclo[3.1.0]hexane-2,6-dicarboxylic acid (LY354740), a selective group II metabotropic glutamate receptor agonist.","(+)-2-Aminobicyclo[3.1.0]hexane-2,6-dicarboxylic acid (1), also known as LY354740, is a highly potent and selective agonist for group II metabotropic glutamate receptors (mGlu receptors 2 and 3) tested in clinical trials. It has been shown to block anxiety in the fear-potentiated startle model. Its relatively low bioavailability in different animal species drove the need for an effective prodrug form that would produce a therapeutic response at lower doses for the treatment of anxiety disorders. We have investigated the increase of intestinal absorption of this compound by targeting the human peptide transporter hPepT1 for active transport of di- and tripeptides derived from 1. We have found that oral administration of an N dipeptide derivative of 1 (12a) in rats shows up to an 8-fold increase in drug absorption and a 300-fold increase in potency in the fear-potentiated startle model in rats when compared with the parent drug 1.","administration, oral|alanine|animals|anti-anxiety agents|biological availability|bridged bicyclo compounds|cell line, tumor|cricetinae|cricetulus|dipeptides|humans|male|peptide transporter 1|prodrugs|rats|rats, sprague-dawley|receptors, metabotropic glutamate|reflex, startle|stereoisomerism|structure-activity relationship|symporters",administration & dosage|analogs & derivatives|chemical synthesis|pharmacokinetics|chemical synthesis|pharmacokinetics|pharmacology|administration & dosage|chemical synthesis|pharmacokinetics|pharmacology|chemical synthesis|pharmacokinetics|pharmacology|chemical synthesis|pharmacokinetics|pharmacology|agonists|drug effects|metabolism,"2-((2'-amino)propionyl)aminobicyclo(3.1.0)hexane-2,6-dicarboxylic acid|anti-anxiety agents|bridged bicyclo compounds|dipeptides|peptide transporter 1|prodrugs|receptors, metabotropic glutamate|symporters|alanine|eglumetad","alanine|anti-anxiety agents|bridged bicyclo compounds|dipeptides|prodrugs|receptors, metabotropic glutamate|administration, oral|alanine|alanine|alanine|alanine|animals|anti-anxiety agents|anti-anxiety agents|anti-anxiety agents|biological availability|bridged bicyclo compounds|bridged bicyclo compounds|bridged bicyclo compounds|bridged bicyclo compounds|cell line, tumor|cricetinae|cricetulus|dipeptides|dipeptides|dipeptides|humans|male|peptide transporter 1|prodrugs|prodrugs|prodrugs|rats|rats, sprague-dawley|receptors, metabotropic glutamate|reflex, startle|reflex, startle|stereoisomerism|structure-activity relationship|symporters|symporters",48,16,5305,5320,0022-2623,Journal Article,2005,9,27,2017,11,16,,16078848,10.1021/jm050235r,JournalArticle,Journal of Medicinal Chemistry,e433a0e3a791b561735bc9b023ba9d2e27a213b3,"{""MAG"": ""2067571370"", ""DOI"": ""10.1021/JM050235R"", ""CorpusId"": 25965809, ""PubMed"": ""16078848""}",16078848,10.1021/jm050235r,journal-article,https://openalex.org/W2067571370,10.1021/jm050235r,journal-article,"Dipeptides as Effective Prodrugs of the Unnatural Amino Acid (+)-2-Aminobicyclo[3.1.0]hexane-2,6-dicarboxylic Acid (LY354740), a Selective Group II Metabotropic Glutamate Receptor Agonist","Dipeptides as effective prodrugs of the unnatural amino acid (+)-2-aminobicyclo[3.1.0]hexane-2,6-dicarboxylic acid (LY354740), a selective group II metabotropic glutamate receptor agonist.","(+)-2-Aminobicyclo[3.1.0]hexane-2,6-dicarboxylic acid (1), also known as LY354740, is a highly potent and selective agonist for group II metabotropic glutamate receptors (mGlu receptors 2 and 3) tested in clinical trials. It has been shown to block anxiety in the fear-potentiated startle model. Its relatively low bioavailability in different animal species drove the need for an effective prodrug form that would produce a therapeutic response at lower doses for the treatment of anxiety disorders. We have investigated the increase of intestinal absorption of this compound by targeting the human peptide transporter hPepT1 for active transport of di- and tripeptides derived from 1. We have found that oral administration of an N dipeptide derivative of 1 (12a) in rats shows up to an 8-fold increase in drug absorption and a 300-fold increase in potency in the fear-potentiated startle model in rats when compared with the parent drug 1.",2005,journal of medicinal chemistry,J Med Chem,48,16,5305,5320,16078848,"Bueno AB, Collado I, de Dios A, Domínguez C, Martín JA, Martín LM, Martínez-Grau MA, Montero C, Pedregal C, Catlow J, Coffey DS, Clay MP, Dantzig AH, Lindstrom T, Monn JA, Jiang H, Schoepp DD, Stratford RE, Tabas LB, Tizzano JP, Wright RA, Herin MF.",ChEMBL,false,false,false,2005,09,27
15953730,CHEMBL1949512,10.1016/j.bmc.2005.05.012,"bioorganic & medicinal chemistry, 13(16), p.4835-4841",2005-12-15,0968-0896:2005-12-15:15953730,false,true,false,false,"RO4383596, an orally active KDR, FGFR, and PDGFR inhibitor: synthesis and biological evaluation.","(+/-)-1-(anti-3-Hydroxy-cyclopentyl)-3-(4-methoxy-phenyl)-7-phenylamino-3,4-dihydro-1H-pyrimido[4,5-d]pyrimidin-2-one (RO4383596) is a potent and selective inhibitor of the pro-angiogenic receptor tyrosine kinases KDR, FGFR, and PDGFR. This agent has an excellent pharmacokinetic profile and is highly efficacious in rodent models of angiogenesis upon oral administration.","administration, oral|angiogenesis inhibitors|animals|corneal neovascularization|female|humans|immunoblotting|mice|mice, inbred c57bl|mice, nude|protein kinase inhibitors|protein-tyrosine kinases|pyrimidinones|rats|rats, wistar|receptors, fibroblast growth factor|receptors, platelet-derived growth factor|tumor cells, cultured|vascular endothelial growth factor receptor-2",chemical synthesis|metabolism|pharmacology|drug therapy|chemical synthesis|pharmacokinetics|pharmacology|antagonists & inhibitors|chemical synthesis|pharmacokinetics|pharmacology|antagonists & inhibitors|antagonists & inhibitors|antagonists & inhibitors,"angiogenesis inhibitors|protein kinase inhibitors|pyrimidinones|ro4383596|receptors, fibroblast growth factor|protein-tyrosine kinases|receptors, platelet-derived growth factor|vascular endothelial growth factor receptor-2","angiogenesis inhibitors|protein kinase inhibitors|protein-tyrosine kinases|pyrimidinones|administration, oral|angiogenesis inhibitors|angiogenesis inhibitors|angiogenesis inhibitors|animals|corneal neovascularization|corneal neovascularization|female|humans|immunoblotting|mice|mice, inbred c57bl|mice, nude|protein kinase inhibitors|protein kinase inhibitors|protein kinase inhibitors|protein-tyrosine kinases|pyrimidinones|pyrimidinones|pyrimidinones|rats|rats, wistar|receptors, fibroblast growth factor|receptors, fibroblast growth factor|receptors, platelet-derived growth factor|receptors, platelet-derived growth factor|tumor cells, cultured|vascular endothelial growth factor receptor-2|vascular endothelial growth factor receptor-2",13,16,4835,4841,0968-0896,Journal Article,2005,12,15,2009,11,19,,15953730,10.1016/j.bmc.2005.05.012,JournalArticle,Bioorganic & Medicinal Chemistry,898f9798eaf0196f7bc1a5640164863f781c6ab3,"{""MAG"": ""1980738750"", ""DOI"": ""10.1016/J.BMC.2005.05.012"", ""CorpusId"": 29827189, ""PubMed"": ""15953730""}",15953730,10.1016/j.bmc.2005.05.012,journal-article,https://openalex.org/W1980738750,10.1016/j.bmc.2005.05.012,journal-article,"RO4383596, an orally active KDR, FGFR, and PDGFR inhibitor: Synthesis and biological evaluation","RO4383596, an orally active KDR, FGFR, and PDGFR inhibitor: synthesis and biological evaluation.","(+/-)-1-(anti-3-Hydroxy-cyclopentyl)-3-(4-methoxy-phenyl)-7-phenylamino-3,4-dihydro-1H-pyrimido[4,5-d]pyrimidin-2-one (RO4383596) is a potent and selective inhibitor of the pro-angiogenic receptor tyrosine kinases KDR, FGFR, and PDGFR. This agent has an excellent pharmacokinetic profile and is highly efficacious in rodent models of angiogenesis upon oral administration.",2005,bioorganic & medicinal chemistry,Bioorg Med Chem,13,16,4835,4841,15953730,"McDermott LA, Simcox M, Higgins B, Nevins T, Kolinsky K, Smith M, Yang H, Li JK, Chen Y, Ke J, Mallalieu N, Egan T, Kolis S, Railkar A, Gerber L, Luk KC.",ChEMBL,false,false,false,2005,12,15
17827018,CHEMBL1137491,10.1016/j.bmc.2007.08.038,"bioorganic & medicinal chemistry, 15(23), p.7248-7257",2008-01-11,0968-0896:2008-01-11:17827018,false,true,false,false,Click chemistry based solid phase supported synthesis of dopaminergic phenylacetylenes.,"'Click resins' enable solid phase supported reactions to work under nearly perfect conditions fulfilling the requirements of click chemistry. Utilizing the formylpyrrolylmethyltriazole (FPMT) linker 6, which is readily available via copper(I)-catalyzed azide-alkyne cycloaddition (CuAAC), a BAL strategy could be successfully applied for a parallel synthesis of dopaminergic phenylacetylens. A focused library of 20 test compounds revealing three points of diversity was generated by a four-step SPOS approach including microwave assisted Sonogashira coupling. GPCR-ligand binding assays indicated excellent dopamine D3 and D4 receptor binding affinities which were identified to cause a partial agonist activity for the most potent test compounds 2c,e,i,k.","acetylene|alkynes|animals|azides|binding sites|binding, competitive|cho cells|catalysis|cell line|combinatorial chemistry techniques|copper|cricetinae|cricetulus|cyclization|humans|ligands|molecular structure|receptors, biogenic amine|resins, synthetic|small molecule libraries|stereoisomerism|structure-activity relationship|swine",analogs & derivatives|chemical synthesis|pharmacology|chemistry|chemistry|drug effects|methods|chemistry|drug effects|chemistry,"alkynes|azides|ligands|receptors, biogenic amine|resins, synthetic|small molecule libraries|copper|acetylene","acetylene|acetylene|combinatorial chemistry techniques|resins, synthetic|acetylene|acetylene|alkynes|alkynes|animals|azides|azides|binding sites|binding, competitive|binding, competitive|cho cells|catalysis|cell line|combinatorial chemistry techniques|copper|copper|cricetinae|cricetulus|cyclization|humans|ligands|molecular structure|receptors, biogenic amine|receptors, biogenic amine|resins, synthetic|small molecule libraries|stereoisomerism|structure-activity relationship|swine",15,23,7248,7257,0968-0896,"Journal Article|Research Support, Non-U.S. Gov't",2008,1,11,2013,11,21,,17827018,10.1016/j.bmc.2007.08.038,JournalArticle,Bioorganic & Medicinal Chemistry,b51f05e4632747d82d90460859aec8420bd6b845,"{""MAG"": ""2006796950"", ""DOI"": ""10.1016/J.BMC.2007.08.038"", ""CorpusId"": 23732596, ""PubMed"": ""17827018""}",17827018,10.1016/j.bmc.2007.08.038,journal-article,https://openalex.org/W2006796950,10.1016/j.bmc.2007.08.038,journal-article,Click chemistry based solid phase supported synthesis of dopaminergic phenylacetylenes,Click chemistry based solid phase supported synthesis of dopaminergic phenylacetylenes.,"'Click resins' enable solid phase supported reactions to work under nearly perfect conditions fulfilling the requirements of click chemistry. Utilizing the formylpyrrolylmethyltriazole (FPMT) linker 6, which is readily available via copper(I)-catalyzed azide-alkyne cycloaddition (CuAAC), a BAL strategy could be successfully applied for a parallel synthesis of dopaminergic phenylacetylens. A focused library of 20 test compounds revealing three points of diversity was generated by a four-step SPOS approach including microwave assisted Sonogashira coupling. GPCR-ligand binding assays indicated excellent dopamine D3 and D4 receptor binding affinities which were identified to cause a partial agonist activity for the most potent test compounds 2c,e,i,k.",2008,bioorganic & medicinal chemistry,Bioorg Med Chem,15,23,7248,7257,17827018,"Rodriguez Loaiza P, Löber S, Hübner H, Gmeiner P.",ChEMBL,false,false,false,2008,01,11
18578478,CHEMBL1155082,10.1021/jm800092x,"journal of medicinal chemistry, 51(14), p.4093-4103",2008-08-29,1520-4804:2008-08-29:18578478,false,true,false,false,"Chemo-enzymatic synthesis of a series of 2,4-syn-functionalized (S)-glutamate analogues: new insight into the structure-activity relation of ionotropic glutamate receptor subtypes 5, 6, and 7.","( S)-Glutamic acid (Glu) is the major excitatory neurotransmitter in the central nervous system (CNS) activating the plethora of ionotropic Glu receptors (iGluRs) and metabotropic Glu receptors (mGluRs). In this paper, we present a chemo-enzymatic strategy for the enantioselective synthesis of five new Glu analogues 2a- f ( 2d is exempt) holding a functionalized substituent in the 4-position. Nine Glu analogues 2a- j are characterized pharmacologically at native 2-amino-3-(3-hydroxy-5-methyl-4-isoxazolyl)propionic acid (AMPA), kainic acid (KA), and N-methyl- d-aspartic acid (NMDA) receptors in rat synaptosomes as well as in binding assays at cloned rat iGluR5-7 subtypes. A detailed in silico study address as to why 2h is a high-affinity ligand at iGluR5-7 ( K i = 3.81, 123, 57.3 nM, respectively), while 2e is only a high affinity ligand at iGluR5 ( K i = 42.8 nM). Furthermore, a small series of commercially available iGluR ligands are characterized in iGluR5-7 binding.","amination|animals|glutamic acid|magnetic resonance spectroscopy|mass spectrometry|rats|receptors, glutamate|spectrophotometry, infrared|structure-activity relationship|synaptosomes",analogs & derivatives|biosynthesis|chemical synthesis|pharmacology|drug effects|drug effects,"receptors, glutamate|glutamic acid","glutamic acid|receptors, glutamate|amination|animals|glutamic acid|glutamic acid|glutamic acid|glutamic acid|magnetic resonance spectroscopy|mass spectrometry|rats|receptors, glutamate|spectrophotometry, infrared|structure-activity relationship|synaptosomes|synaptosomes",51,14,4093,4103,1520-4804,"Journal Article|Research Support, Non-U.S. Gov't",2008,8,29,2013,11,21,,18578478,10.1021/jm800092x,JournalArticle,Journal of Medicinal Chemistry,6b4bc9f65a2d91eb2b8f1a0e85100b339dc93a23,"{""MAG"": ""1977322302"", ""DOI"": ""10.1021/jm800092x"", ""CorpusId"": 39119696, ""PubMed"": ""18578478""}",18578478,10.1021/jm800092x,journal-article,https://openalex.org/W1977322302,10.1021/jm800092x,journal-article,"Chemo-Enzymatic Synthesis of a Series of 2,4-<i>Syn</i>-Functionalized (<i>S</i>)-Glutamate Analogues: New Insight into the Structure−Activity Relation of Ionotropic Glutamate Receptor Subtypes 5, 6, and 7","Chemo-enzymatic synthesis of a series of 2,4-syn-functionalized (S)-glutamate analogues: new insight into the structure-activity relation of ionotropic glutamate receptor subtypes 5, 6, and 7.","( S)-Glutamic acid (Glu) is the major excitatory neurotransmitter in the central nervous system (CNS) activating the plethora of ionotropic Glu receptors (iGluRs) and metabotropic Glu receptors (mGluRs). In this paper, we present a chemo-enzymatic strategy for the enantioselective synthesis of five new Glu analogues 2a- f ( 2d is exempt) holding a functionalized substituent in the 4-position. Nine Glu analogues 2a- j are characterized pharmacologically at native 2-amino-3-(3-hydroxy-5-methyl-4-isoxazolyl)propionic acid (AMPA), kainic acid (KA), and N-methyl- d-aspartic acid (NMDA) receptors in rat synaptosomes as well as in binding assays at cloned rat iGluR5-7 subtypes. A detailed in silico study address as to why 2h is a high-affinity ligand at iGluR5-7 ( K i = 3.81, 123, 57.3 nM, respectively), while 2e is only a high affinity ligand at iGluR5 ( K i = 42.8 nM). Furthermore, a small series of commercially available iGluR ligands are characterized in iGluR5-7 binding.",2008,journal of medicinal chemistry,J Med Chem,51,14,4093,4103,18578478,"Sagot E, Pickering DS, Pu X, Umberti M, Stensbøl TB, Nielsen B, Chapelet M, Bolte J, Gefflaut T, Bunch L.",ChEMBL,false,false,false,2008,08,29
22575532,CHEMBL2034878,10.1016/j.ejmech.2012.04.004,"european journal of medicinal chemistry, 53(unknown), p.229-234",2012-09-25,1768-3254:2012-09-25:22575532,false,true,false,true,"Chiral resolution, absolute configuration assignment and biological activity of racemic diarylpyrimidine CH(OH)-DAPY as potent nonnucleoside HIV-1 reverse transcriptase inhibitors.","(+)-3a and (-)-3a were successfully separated from racemate (±)-3a by the chiral technique of supercritical fluid chromatography (SCF) with enantiomeric excess (ee%) >99% and purity >99%, and assigned for their absolute configuration as R and S, respectively, by the experimental electronic circular dichroism (ECD) spectrum and simulated ECD spectra calculated by time-dependent density functional theory (TDDFT) calculations. (+)-(R)-3a displayed excellent activity with an EC(50) of 5.3 nM against wild-type HIV-1, which was 12-fold more potent than (-)-(S)-3a. However, (-)-(S)-3a showed higher potency than (+)-(R)-3a against the double HIV-1 RT mutant (K103N+Y181C) as well as HIV-2 strain ROD. The possible reason for the difference of (R)- and (S)-3a in anti-HIV-1 activity was interpreted by molecular docking.","hiv reverse transcriptase|hiv-1|hiv-2|models, molecular|protein conformation|pyrimidines|reverse transcriptase inhibitors|stereoisomerism",antagonists & inhibitors|chemistry|drug effects|enzymology|drug effects|chemical synthesis|chemistry|pharmacology|chemical synthesis|chemistry|pharmacology,"pyrimidines|reverse transcriptase inhibitors|reverse transcriptase, human immunodeficiency virus 1|hiv reverse transcriptase|pyrimidine","hiv reverse transcriptase|hiv-1|pyrimidines|pyrimidines|reverse transcriptase inhibitors|reverse transcriptase inhibitors|hiv reverse transcriptase|hiv reverse transcriptase|hiv-1|hiv-1|hiv-2|hiv-2|models, molecular|protein conformation|pyrimidines|pyrimidines|reverse transcriptase inhibitors|reverse transcriptase inhibitors|stereoisomerism",53,0,229,234,1768-3254,"Journal Article|Research Support, Non-U.S. Gov't",2012,9,25,2012,11,15,,22575532,10.1016/j.ejmech.2012.04.004,JournalArticle,European journal of medicinal chemistry,fe87d92d976ecc1cede3aa80fbe1bf3c6d326412,"{""MAG"": ""2065264399"", ""DOI"": ""10.1016/j.ejmech.2012.04.004"", ""CorpusId"": 10657994, ""PubMed"": ""22575532""}",22575532,10.1016/j.ejmech.2012.04.004,journal-article,https://openalex.org/W2065264399,10.1016/j.ejmech.2012.04.004,journal-article,"Chiral resolution, absolute configuration assignment and biological activity of racemic diarylpyrimidine CH(OH)-DAPY as potent nonnucleoside HIV-1 reverse transcriptase inhibitors","Chiral resolution, absolute configuration assignment and biological activity of racemic diarylpyrimidine CH(OH)-DAPY as potent nonnucleoside HIV-1 reverse transcriptase inhibitors.","(+)-3a and (-)-3a were successfully separated from racemate (±)-3a by the chiral technique of supercritical fluid chromatography (SCF) with enantiomeric excess (ee%) >99% and purity >99%, and assigned for their absolute configuration as R and S, respectively, by the experimental electronic circular dichroism (ECD) spectrum and simulated ECD spectra calculated by time-dependent density functional theory (TDDFT) calculations. (+)-(R)-3a displayed excellent activity with an EC(50) of 5.3 nM against wild-type HIV-1, which was 12-fold more potent than (-)-(S)-3a. However, (-)-(S)-3a showed higher potency than (+)-(R)-3a against the double HIV-1 RT mutant (K103N+Y181C) as well as HIV-2 strain ROD. The possible reason for the difference of (R)- and (S)-3a in anti-HIV-1 activity was interpreted by molecular docking.",2012,european journal of medicinal chemistry,Eur J Med Chem,53,,229,234,22575532,"Gu SX, Li ZM, Ma XD, Yang SQ, He QQ, Chen FE, De Clercq E, Balzarini J, Pannecouque C.",ChEMBL,false,false,true,2012,09,25
23461628,CHEMBL2331532,10.1021/np3007028,"journal of natural products, 76(4), p.727-731",2013-08-13,1520-6025:2013-08-13:23461628,false,true,true,false,"(+)-Laburnamine, a natural selective ligand and partial agonist for the α4β2 nicotinic receptor subtype.","(+)-Laburnamine (1), a rare alkaloid extracted from Laburnum anagyroides seeds (∼4 mg from 1 kg), was shown to bind with high affinity (Ki, 293 nM) to the α4β2 nicotinic receptor subtype, which is, respectively, 126 and 136 times higher than to the α3β4 (Ki 37 uM) and α7 subtypes (Ki 40 uM). When its ability to release [(3)H]-dopamine from striatal slices was tested in a functional assay, compound 1 behaved as a partial agonist with an EC50 of 5.8 uM and an Emax that was 43% that of nicotine. When incubated with nicotine in the same assay, 1 prevented a maximal effect from being reached.","alkaloids|animals|binding, competitive|corpus striatum|dopamine|dose-response relationship, drug|humans|italy|ligands|neostriatum|nicotine|pyridines|rats|rats, sprague-dawley|receptors, nicotinic|seeds|stereoisomerism",chemistry|isolation & purification|pharmacology|metabolism|metabolism|metabolism|metabolism|metabolism|drug effects|chemistry,"alkaloids|ligands|pyridines|receptors, nicotinic|laburnamine|nicotinic receptor alpha4beta2|nicotine|dopamine","alkaloids|receptors, nicotinic|alkaloids|alkaloids|alkaloids|animals|binding, competitive|corpus striatum|corpus striatum|dopamine|dopamine|dose-response relationship, drug|humans|italy|ligands|neostriatum|neostriatum|nicotine|nicotine|pyridines|pyridines|rats|rats, sprague-dawley|receptors, nicotinic|seeds|seeds|stereoisomerism",76,4,727,731,1520-6025,"Journal Article|Research Support, Non-U.S. Gov't",2013,8,13,2015,11,19,,23461628,10.1021/np3007028,JournalArticle,Journal of Natural Products,6b5532cafed90407d2da20051f3f3ec508587aae,"{""MAG"": ""2316233932"", ""DOI"": ""10.1021/np3007028"", ""CorpusId"": 28970618, ""PubMed"": ""23461628""}",23461628,10.1021/np3007028,journal-article,https://openalex.org/W2316233932,10.1021/np3007028,journal-article,"(+)-Laburnamine, a Natural Selective Ligand and Partial Agonist for the α4β2 Nicotinic Receptor Subtype","(+)-Laburnamine, a natural selective ligand and partial agonist for the α4β2 nicotinic receptor subtype.","(+)-Laburnamine (1), a rare alkaloid extracted from Laburnum anagyroides seeds (∼4 mg from 1 kg), was shown to bind with high affinity (Ki, 293 nM) to the α4β2 nicotinic receptor subtype, which is, respectively, 126 and 136 times higher than to the α3β4 (Ki 37 uM) and α7 subtypes (Ki 40 uM). When its ability to release [(3)H]-dopamine from striatal slices was tested in a functional assay, compound 1 behaved as a partial agonist with an EC50 of 5.8 uM and an Emax that was 43% that of nicotine. When incubated with nicotine in the same assay, 1 prevented a maximal effect from being reached.",2013,journal of natural products,J Nat Prod,76,4,727,731,23461628,"Tasso B, Novelli F, Sparatore F, Fasoli F, Gotti C.",ChEMBL,false,false,false,2013,08,13
29784274,CHEMBL4118202,10.1016/j.bmc.2018.05.023,"bioorganic & medicinal chemistry, 26(12), p.3502-3513",2018-11-14,1464-3391:2018-11-14:29784274,false,true,false,false,Chiral analogues of (+)-cyclazosin as potent α,(+)-Cyclazosin [(+)-1] is one of most selective antagonists of the α,"adrenergic alpha-1 receptor antagonists|animals|aorta|binding sites|kinetics|male|molecular dynamics simulation|protein structure, tertiary|quinazolines|quinoxalines|rats|rats, wistar|receptors, adrenergic, alpha-1|spleen|stereoisomerism",chemical synthesis|chemistry|metabolism|metabolism|chemical synthesis|chemistry|metabolism|chemical synthesis|chemistry|metabolism|chemistry|metabolism|metabolism,"adrenergic alpha-1 receptor antagonists|quinazolines|quinoxalines|receptors, adrenergic, alpha-1|cyclazosin","adrenergic alpha-1 receptor antagonists|quinazolines|quinoxalines|receptors, adrenergic, alpha-1|adrenergic alpha-1 receptor antagonists|adrenergic alpha-1 receptor antagonists|adrenergic alpha-1 receptor antagonists|animals|aorta|aorta|binding sites|kinetics|male|molecular dynamics simulation|protein structure, tertiary|quinazolines|quinazolines|quinazolines|quinoxalines|quinoxalines|quinoxalines|rats|rats, wistar|receptors, adrenergic, alpha-1|receptors, adrenergic, alpha-1|spleen|spleen|stereoisomerism",26,12,3502,3513,1464-3391,"Journal Article|Research Support, N.I.H., Extramural|Research Support, Non-U.S. Gov't|Research Support, U.S. Gov't, Non-P.H.S.",2018,11,14,2019,7,23,,29784274,10.1016/j.bmc.2018.05.023,JournalArticle,Bioorganic & Medicinal Chemistry,7ae019e73a94821967cc1dc90e86354f0ec7d718,"{""MAG"": ""2803607030"", ""DOI"": ""10.1016/j.bmc.2018.05.023"", ""CorpusId"": 29163640, ""PubMed"": ""29784274""}",29784274,10.1016/j.bmc.2018.05.023,journal-article,https://openalex.org/W2803607030,10.1016/j.bmc.2018.05.023,journal-article,Chiral analogues of (+)-cyclazosin as potent α1B-adrenoceptor selective antagonist,Chiral analogues of (+)-cyclazosin as potent α1B-adrenoceptor selective antagonist.,"(+)-Cyclazosin [(+)-1] is one of most selective antagonists of the α1B-adrenoceptor subtype (selectivity ratios, α1B/α1A = 13, α1B/α1D = 38-39). To improve the selectivity, we synthesized and pharmacologically studied the blocking activity against α1-adrenoceptors of several homochiral analogues of (+)-cyclazosin featuring different substituents on the carbonyl or amine groups, namely (-)-2, (+)-3, (-)-4-(-)-8, (+)-9. Moreover, we studied the activity of some their opposite enantiomers, namely (-)-1, (-)-3, (+)-6, and (-)-9, to evaluate the influence of stereochemistry on selectivity. The benzyloxycarbonyl and methyl (4aS,8aR) analogues (+)-3 and (-)-6 improved in a significant way the α1B selectivity of the progenitor compound: 4 and 14 time vs. the α1D subtype and 35 and 77 times vs. the α1A subtype, respectively. The study confirmed the importance of the hydrophobic cis-octahydroquinoxaline moiety of these molecules for the establishment of interactions with the α1-adrenoceptors as well that of their (4aS,8aR) stereochemistry to grant selectivity for the α1B subtype. Hypotheses on the mode of interaction of these compounds were advanced on the basis of molecular modeling studies performed on compound (+)-3.",2018,bioorganic & medicinal chemistry,Bioorg Med Chem,26,12,3502,3513,29784274,"Sagratini G, Buccioni M, Marucci G, Poggesi E, Skorski M, Costanzi S, Giardinà D.",ChEMBL,false,false,false,2018,11,14
28337320,CHEMBL4000255,10.1021/acsmedchemlett.6b00465,"acs medicinal chemistry letters, 8(3), p.299-303",2020-10-01,1948-5875:2020-10-01:28337320,false,true,false,false,Discovery and Assessment of Atropisomers of (±)-Lesinurad.,"(+)- and (-)-Lesinurad were isolated as atropisomers from racemic lesinurad for the first time. No interconversion was observed between the two atropisomers under various conditions tested. The two atropisomers showed significant differences in hURAT1 highly expressed HEK293 cell-based inhibition assays, monkey pharmacokinetic studies, and",unknown,unknown,unknown,,8,3,299,303,1948-5875,Journal Article,0,0,0,2020,10,1,,28337320,10.1021/acsmedchemlett.6b00465,JournalArticle,ACS Medicinal Chemistry Letters,f4cfd1694cfbed77c27088a59a35f8ccaa253488,"{""MAG"": ""2588957810"", ""DOI"": ""10.1021/acsmedchemlett.6b00465"", ""CorpusId"": 3803658, ""PubMed"": ""28337320""}",28337320,10.1021/acsmedchemlett.6b00465,journal-article,https://openalex.org/W2588957810,10.1021/acsmedchemlett.6b00465,journal-article,Discovery and Assessment of Atropisomers of (±)-Lesinurad,Discovery and Assessment of Atropisomers of (±)-Lesinurad.,"(+)- and (-)-Lesinurad were isolated as atropisomers from racemic lesinurad for the first time. No interconversion was observed between the two atropisomers under various conditions tested. The two atropisomers showed significant differences in hURAT1 highly expressed HEK293 cell-based inhibition assays, monkey pharmacokinetic studies, and in vitro human recombinant CYP2C9 stability studies. It was speculated that (+)-lesinurad might offer a better hyperuricemia/gout therapy than (-)-lesinurad or the racemate.",2020,acs medicinal chemistry letters,ACS Med Chem Lett,8,3,299,303,28337320,"Wang J, Zeng W, Li S, Shen L, Gu Z, Zhang Y, Li J, Chen S, Jia X.",ChEMBL,false,false,false,2020,10,01
