index,tax_id,species_group_flag,acetylation,disulfide_bond,glycosylation,intramembrane,lipidation,modified_residue,phosphorylation,propeptide,sequence_length,signal_peptide,taxon_id,transmembrane,ubiquitination,uniprot_version
tax_id,1.0,,,0.00948462687170125,-0.039020397025626576,,-0.02072126585867235,-0.07287599183823573,,-0.016706803227712574,0.19172287572935082,,0.9420093328764835,0.007561724255103579,,-0.14993528009906798
species_group_flag,,,,,,,,,,,,,,,,
acetylation,,,,,,,,,,,,,,,,
disulfide_bond,0.00948462687170125,,,1.0,0.7273303693841184,,0.21834824276695858,-0.21261671867350576,,0.23689860012473737,-0.016424361587955433,,-0.0024411948846390762,0.5155463749503616,,0.008452384003781357
glycosylation,-0.039020397025626576,,,0.7273303693841184,1.0,,0.2501475571234582,-0.1683154267501861,,0.15526481390319408,-0.003052693178671642,,-0.050837769048808726,0.6354002553252215,,0.05282200193211377
intramembrane,,,,,,,,,,,,,,,,
lipidation,-0.02072126585867235,,,0.21834824276695858,0.2501475571234582,,1.0,-0.0571881100933671,,0.06814224504414909,-0.09701826220662156,,-0.025712568862466253,0.21390645998740063,,0.028575747492806246
modified_residue,-0.07287599183823573,,,-0.21261671867350576,-0.1683154267501861,,-0.0571881100933671,1.0,,-0.12005404102495813,0.24232068185579525,,-0.08703775853305422,-0.14506036558168248,,0.4326902153366089
phosphorylation,,,,,,,,,,,,,,,,
propeptide,-0.016706803227712574,,,0.23689860012473737,0.15526481390319408,,0.06814224504414909,-0.12005404102495813,,1.0,-0.0757334441860158,,-0.0164515220306305,-0.14481312780052352,,0.07087132896302295
sequence_length,0.19172287572935082,,,-0.016424361587955433,-0.003052693178671642,,-0.09701826220662156,0.24232068185579525,,-0.0757334441860158,1.0,,0.17201307806273977,0.03289994377628121,,0.1361827843367119
signal_peptide,,,,,,,,,,,,,,,,
taxon_id,0.9420093328764835,,,-0.0024411948846390762,-0.050837769048808726,,-0.025712568862466253,-0.08703775853305422,,-0.0164515220306305,0.17201307806273977,,1.0,-0.0042340651012121285,,-0.1791024426637175
transmembrane,0.007561724255103579,,,0.5155463749503616,0.6354002553252215,,0.21390645998740063,-0.14506036558168248,,-0.14481312780052352,0.03289994377628121,,-0.0042340651012121285,1.0,,-0.1152442249879874
ubiquitination,,,,,,,,,,,,,,,,
uniprot_version,-0.14993528009906798,,,0.008452384003781357,0.05282200193211377,,0.028575747492806246,0.4326902153366089,,0.07087132896302295,0.1361827843367119,,-0.1791024426637175,-0.1152442249879874,,1.0
