document_chembl_id,title,abstract,doi,year,journal,journal_abbrev,volume,issue,first_page,last_page,pubmed_id,authors,source,PubMed.PMID,PubMed.DOI,PubMed.ArticleTitle,PubMed.Abstract,PubMed.JournalTitle,PubMed.ISSN,PubMed.Volume,PubMed.Issue,PubMed.StartPage,PubMed.EndPage,PubMed.PublicationType,PubMed.MeSH_Descriptors,PubMed.MeSH_Qualifiers,PubMed.ChemicalList,PubMed.DayRevised,PubMed.MonthRevised,PubMed.YearRevised,PubMed.YearCompleted,PubMed.MonthCompleted,PubMed.DayCompleted,PubMed.Error,scholar.PMID,scholar.Venue,scholar.PublicationTypes,scholar.SemanticScholarId,scholar.ExternalIds,scholar.DOI,scholar.Error,OpenAlex.PublicationTypes,OpenAlex.TypeCrossref,OpenAlex.Genre,OpenAlex.Id,OpenAlex.Venue,OpenAlex.MeshDescriptors,OpenAlex.MeshQualifiers,OpenAlex.Error,crossref.Type,crossref.Subtype,crossref.Title,crossref.Subtitle,crossref.Subject,crossref.Error
CHEMBL1130840,Synthesis and anti-HIV activities of urea-PETT analogs belonging to a new class of potent non-nucleoside HIV-1 reverse transcriptase inhibitors.,A series of potent specific HIV-1 RT inhibitory compounds is described. The compounds are urea analogs of PETT (PhenylEthylThiazoleThiourea) derivatives and the series includes derivatives with an ethyl linker (1-6) and conformationally restricted analogs (7-13). The antiviral activity is determined both at the RT level and in cell culture on both native and mutant forms of HIV-1. Many compounds display activity in the nM range against wt-RT.,10.1016/s0960-894x(98)00249-2,1998,Bioorg Med Chem Lett,,8,12,1511,1516,9873380,"Sahlberg C, Noréen R, Engelhardt P, Högberg M, Kangasmetsä J, Vrang L, Zhang H.",,9873380,,Synthesis and anti-HIV activities of urea-PETT analogs belonging to a new class of potent non-nucleoside HIV-1 reverse transcriptase inhibitors.,A series of potent specific HIV-1 RT inhibitory compounds is described. The compounds are urea analogs of PETT (PhenylEthylThiazoleThiourea) derivatives and the series includes derivatives with an ethyl linker (1-6) and conformationally restricted analogs (7-13). The antiviral activity is determined both at the RT level and in cell culture on both native and mutant forms of HIV-1. Many compounds display activity in the nM range against wt-RT.,Bioorganic & medicinal chemistry letters,0960-894X,8,12,1511,1516,Journal Article,Anti-HIV Agents|Blood Proteins|Cell Line|HIV-1|Humans|Microbial Sensitivity Tests|Protein Binding|Reverse Transcriptase Inhibitors|Structure-Activity Relationship|Thiazoles|Triazoles,chemical synthesis|metabolism|pharmacology|metabolism|drug effects|chemical synthesis|metabolism|pharmacology|chemistry|metabolism|pharmacology|chemistry|metabolism|pharmacology,"Anti-HIV Agents|Blood Proteins|Reverse Transcriptase Inhibitors|Thiazoles|Triazoles|2-phenyl-6-(2'-(4'-(ethoxycarbonyl)thiazolyl))thiazolo(3,2-b)(1,2,4)triazole",19,08,2019,1999,02,01,,9873380,Bioorganic & Medicinal Chemistry Letters,JournalArticle,43cb59e383810097cc982721b8a0fbbf8ffd8a40,"{""MAG"": ""2000267913"", ""DOI"": ""10.1016/S0960-894X(98)00249-2"", ""CorpusId"": 36824630, ""PubMed"": ""9873380""}",10.1016/S0960-894X(98)00249-2,,article,journal-article,,https://openalex.org/W2000267913,,Anti-HIV Agents|Anti-HIV Agents|HIV-1|Reverse Transcriptase Inhibitors|Reverse Transcriptase Inhibitors|Thiazoles|Triazoles|Anti-HIV Agents|Anti-HIV Agents|Blood Proteins|Blood Proteins|Cell Line|HIV-1|Humans|Microbial Sensitivity Tests|Protein Binding|Reverse Transcriptase Inhibitors|Reverse Transcriptase Inhibitors|Structure-Activity Relationship|Thiazoles|Thiazoles|Thiazoles|Triazoles|Triazoles|Triazoles,,,journal-article,,Synthesis and anti-HIV activities of urea-pETT analogs belonging to a new class of potent non-nucleoside HIV-1 Reverse transcriptase inhibitors,,,
CHEMBL1130882,"C-alkylated spiro[benzofuran-3(2H),4'-1'-methyl-piperidine-7-ols] as potent opioids: a conformation-activity study.","Among a series of C-alkylated analogs of the weak mu opioid ligand spiro[benzofuran-3(2H),4'-1'-methylpiperidine-7-ol] (1), the 2-methyl, 2-ethyl, and cis 3'-methyl analogs, namely compounds (+/-)2, (+/-)-3, and (+/-)-4, showed much enhanced mu-affinities, with (+/-)-4 being almost as potent as (-)-morphine; while the trans 3'-methyl analog (+/-)-5 remained a weak mu-binder. Energy calculations and nmr data indicated that compounds 2-4 favor phenyl-axial conformations, while compounds 1 and 5 favor phenyl-equatorial conformations.",10.1016/s0960-894x(98)00318-7,1998,Bioorg Med Chem Lett,,8,14,1813,1818,9873439,"Tsai YC, Liou JP, Liao R, Cheng CY, Tao PL.",,9873439,,"C-alkylated spiro[benzofuran-3(2H),4'-1'-methyl-piperidine-7-ols] as potent opioids: a conformation-activity study.","Among a series of C-alkylated analogs of the weak mu opioid ligand spiro[benzofuran-3(2H),4'-1'-methylpiperidine-7-ol] (1), the 2-methyl, 2-ethyl, and cis 3'-methyl analogs, namely compounds (+/-)2, (+/-)-3, and (+/-)-4, showed much enhanced mu-affinities, with (+/-)-4 being almost as potent as (-)-morphine; while the trans 3'-methyl analog (+/-)-5 remained a weak mu-binder. Energy calculations and nmr data indicated that compounds 2-4 favor phenyl-axial conformations, while compounds 1 and 5 favor phenyl-equatorial conformations.",Bioorganic & medicinal chemistry letters,0960-894X,8,14,1813,1818,"Journal Article|Research Support, Non-U.S. Gov't","Magnetic Resonance Spectroscopy|Molecular Structure|Piperidines|Protein Binding|Receptors, Opioid, mu|Structure-Activity Relationship",chemistry|metabolism|pharmacology|drug effects|metabolism,"Piperidines|Receptors, Opioid, mu",19,08,2019,1999,02,04,,9873439,Bioorganic & Medicinal Chemistry Letters,JournalArticle,e26056603dc079ac40ce7bf14ac200ac44d58558,"{""MAG"": ""1976024449"", ""DOI"": ""10.1016/S0960-894X(98)00318-7"", ""CorpusId"": 27778144, ""PubMed"": ""9873439""}",10.1016/S0960-894X(98)00318-7,,article,journal-article,,https://openalex.org/W1976024449,,"Piperidines|Piperidines|Receptors, Opioid, mu|Magnetic Resonance Spectroscopy|Molecular Structure|Piperidines|Piperidines|Protein Binding|Receptors, Opioid, mu|Receptors, Opioid, mu|Structure-Activity Relationship",,,journal-article,,"C-Alkylated spiro[benzofuran-3(2H),4′-1′-methyl-piperidine-7-ols] as potent opioids: A conformation-activity study",,,
CHEMBL1140225,Design of annulated pyrazoles as inhibitors of HIV-1 reverse transcriptase.,"Non-nucleoside reverse transcriptase inhibitors (NNRTIs) are recommended components of preferred combination antiretroviral therapies used for the treatment of HIV. These regimens are extremely effective in suppressing virus replication. Structure-based optimization of diaryl ether inhibitors led to the discovery of a new series of pyrazolo[3,4-c]pyridazine NNRTIs that bind the reverse transcriptase enzyme of human immunodeficiency virus-1 (HIV-RT) in an expanded volume relative to most other inhibitors in this class.The binding mode maintains the beta13 and beta14 strands bearing Pro236 in a position similar to that in the unliganded reverse transcriptase structure, and the distribution of interactions creates the opportunity for substantial resilience to single point mutations. Several pyrazolopyridazine NNRTIs were found to be highly effective against wild-type and NNRTI-resistant viral strains in cell culture.",10.1021/jm800527x,2008,J Med Chem,,51,23,7449,7458,19007201,"Sweeney ZK, Harris SF, Arora SF, Javanbakht H, Li Y, Fretland J, Davidson JP, Billedeau JR, Gleason SK, Hirschfeld D, Kennedy-Smith JJ, Mirzadegan T, Roetz R, Smith M, Sperry S, Suh JM, Wu J, Tsing S, Villaseñor AG, Paul A, Su G, Heilek G, Hang JQ, Zhou AS, Jernelius JA, Zhang FJ, Klumpp K.",,19007201,10.1021/jm800527x,Design of annulated pyrazoles as inhibitors of HIV-1 reverse transcriptase.,"Non-nucleoside reverse transcriptase inhibitors (NNRTIs) are recommended components of preferred combination antiretroviral therapies used for the treatment of HIV. These regimens are extremely effective in suppressing virus replication. Structure-based optimization of diaryl ether inhibitors led to the discovery of a new series of pyrazolo[3,4-c]pyridazine NNRTIs that bind the reverse transcriptase enzyme of human immunodeficiency virus-1 (HIV-RT) in an expanded volume relative to most other inhibitors in this class.The binding mode maintains the beta13 and beta14 strands bearing Pro236 in a position similar to that in the unliganded reverse transcriptase structure, and the distribution of interactions creates the opportunity for substantial resilience to single point mutations. Several pyrazolopyridazine NNRTIs were found to be highly effective against wild-type and NNRTI-resistant viral strains in cell culture.",Journal of medicinal chemistry,1520-4804,51,23,7449,7458,Journal Article,"Animals|Anti-HIV Agents|Binding Sites|Cell Line, Transformed|Crystallography, X-Ray|Dogs|Drug Design|HIV Reverse Transcriptase|HIV-1|Haplorhini|Humans|Hydrogen Bonding|Microbial Sensitivity Tests|Models, Molecular|Molecular Structure|Pyrazoles|Rats|Reverse Transcriptase Inhibitors|Stereoisomerism|Structure-Activity Relationship",chemical synthesis|chemistry|pharmacology|antagonists & inhibitors|metabolism|drug effects|enzymology|chemical synthesis|chemistry|pharmacology|chemical synthesis|chemistry|pharmacology,"Anti-HIV Agents|Pyrazoles|Reverse Transcriptase Inhibitors|reverse transcriptase, Human immunodeficiency virus 1|HIV Reverse Transcriptase",20,02,2009,2009,04,03,,19007201,Journal of Medicinal Chemistry,JournalArticle,0ab117bf855caba7c82ab3ef049a2d5b96ca3137,"{""MAG"": ""2003299861"", ""DOI"": ""10.1021/jm800527x"", ""CorpusId"": 22588484, ""PubMed"": ""19007201""}",10.1021/jm800527x,,article,journal-article,,https://openalex.org/W2003299861,,"Drug Design|HIV Reverse Transcriptase|Pyrazoles|Reverse Transcriptase Inhibitors|Animals|Anti-HIV Agents|Anti-HIV Agents|Anti-HIV Agents|Anti-HIV Agents|Binding Sites|Cell Line, Transformed|Crystallography, X-Ray|Dogs|HIV Reverse Transcriptase|HIV Reverse Transcriptase|HIV-1|HIV-1|HIV-1|Haplorhini|Humans|Hydrogen Bonding|Microbial Sensitivity Tests|Models, Molecular|Molecular Structure|Pyrazoles|Pyrazoles|Pyrazoles|Rats|Reverse Transcriptase Inhibitors|Reverse Transcriptase Inhibitors|Reverse Transcriptase Inhibitors|Stereoisomerism|Structure-Activity Relationship",,,journal-article,,Design of Annulated Pyrazoles as Inhibitors of HIV-1 Reverse Transcriptase,,,
CHEMBL1138492,Conformationally constrained analogues of diacylglycerol (DAG). 31. Modulation of the biological properties of diacylgycerol lactones (DAG-lactones) containing rigid-rod acyl groups separated from the core lactone by spacer units of different lengths.,"Diacylglycerol lactones built with a rigid 4-[(methylphenyl)ethynyl]phenyl rod that is separated from the exocyclic acylcarbonyl of the DAG-lactone core by a spacer unit of variable length were synthesized and studied. Binding affinities for a panel of classical and novel PKC isozymes in two different phospholipid environments, one corresponding to the plasma membrane of cells, were determined. The kinetics and site of translocation for the PKC isozymes alpha and delta upon treatment with the compounds were also studied as well as the early response of ERK phosphorylation and the late response of induction of apoptosis in the human prostatic carcinoma cell line LNCaP. Finally, the compounds were evaluated in terms of their interaction with biomimetic lipid/polydiacetylene membranes by the associated chromatic response. The different spatial disposition of the rigid structural motif on the DAG-lactones contributes to differential activity.",10.1021/jm900186m,2009,J Med Chem,,52,10,3274,3283,19379015,"Comin MJ, Czifra G, Kedei N, Telek A, Lewin NE, Kolusheva S, Velasquez JF, Kobylarz R, Jelinek R, Blumberg PM, Marquez VE.",,19379015,10.1021/jm900186m,Conformationally constrained analogues of diacylglycerol (DAG). 31. Modulation of the biological properties of diacylgycerol lactones (DAG-lactones) containing rigid-rod acyl groups separated from the core lactone by spacer units of different lengths.,"Diacylglycerol lactones built with a rigid 4-[(methylphenyl)ethynyl]phenyl rod that is separated from the exocyclic acylcarbonyl of the DAG-lactone core by a spacer unit of variable length were synthesized and studied. Binding affinities for a panel of classical and novel PKC isozymes in two different phospholipid environments, one corresponding to the plasma membrane of cells, were determined. The kinetics and site of translocation for the PKC isozymes alpha and delta upon treatment with the compounds were also studied as well as the early response of ERK phosphorylation and the late response of induction of apoptosis in the human prostatic carcinoma cell line LNCaP. Finally, the compounds were evaluated in terms of their interaction with biomimetic lipid/polydiacetylene membranes by the associated chromatic response. The different spatial disposition of the rigid structural motif on the DAG-lactones contributes to differential activity.",Journal of medicinal chemistry,1520-4804,52,10,3274,3283,"Journal Article|Research Support, N.I.H., Intramural","Antineoplastic Agents|Apoptosis|Cell Line, Tumor|Diglycerides|Extracellular Signal-Regulated MAP Kinases|Humans|Kinetics|Lactones|Male|Molecular Conformation|Phospholipids|Phosphorylation|Prostatic Neoplasms|Protein Binding|Protein Kinase C|Structure-Activity Relationship",chemistry|pharmacology|drug effects|chemistry|pharmacology|metabolism|chemistry|pharmacology|metabolism|drug therapy|pathology|drug effects|metabolism,"1,2-diacylglycerol|Antineoplastic Agents|Diglycerides|Lactones|Phospholipids|Protein Kinase C|Extracellular Signal-Regulated MAP Kinases",20,10,2021,2009,07,17,,19379015,Journal of Medicinal Chemistry,JournalArticle,fc2a72b73aa30a754f13a9278bafbe705869034f,"{""PubMedCentral"": ""2708097"", ""MAG"": ""1996325100"", ""DOI"": ""10.1021/jm900186m"", ""CorpusId"": 14298697, ""PubMed"": ""19379015""}",10.1021/jm900186m,,article,journal-article,,https://openalex.org/W1996325100,,"Antineoplastic Agents|Antineoplastic Agents|Diglycerides|Lactones|Protein Kinase C|Antineoplastic Agents|Apoptosis|Apoptosis|Cell Line, Tumor|Diglycerides|Diglycerides|Extracellular Signal-Regulated MAP Kinases|Extracellular Signal-Regulated MAP Kinases|Humans|Kinetics|Lactones|Lactones|Male|Molecular Conformation|Phospholipids|Phospholipids|Phosphorylation|Prostatic Neoplasms|Prostatic Neoplasms|Prostatic Neoplasms|Protein Binding|Protein Kinase C|Protein Kinase C|Structure-Activity Relationship",,,journal-article,,Conformationally Constrained Analogues of Diacylglycerol (DAG). 31. Modulation of the Biological Properties of Diacylgycerol Lactones (DAG-lactones) Containing Rigid-Rod Acyl Groups Separated from the Core Lactone by Spacer Units of Different Lengths,,,
CHEMBL2074061,Inhibition of transport across the hepatocyte canalicular membrane by the antibiotic fusidate.,"Hyperbilirubinemia is a frequent side effect induced by long-term therapy with the antibiotic fusidate. The aim of this study was to elucidate the molecular mechanisms of fusidate-induced hyperbilirubinemia by investigating its influence on hepatic transport systems in the canalicular membrane. Using canalicular membrane vesicles from rat liver, we determined the effect of fusidate on the adenosine 5'-triphosphate (ATP)-dependent transport of substrates of the apical conjugate export pump, multi-drug resistance protein 2 (Mrp2, symbol Abcc2) and the bile salt export pump (Bsep, symbol Abcb11). Fusidate inhibited the ATP-dependent transport of the Mrp2 substrates 17beta-glucuronosyl estradiol and leukotriene C4, and the transport of cholyltaurine by Bsep with Ki values of 2.2+/-0.3, 7.6+/-1.3, and 5.5+/-0.8 microM, respectively. To elucidate the in vivo implication of these findings, the effect of fusidate treatment on the elimination of intravenously administered tracer doses of 17beta-glucuronosyl estradiol and cholyltaurine into bile was studied in rats. Treatment with fusidate (100 micromol/kg body weight) reduced the biliary excretion rate of 17beta-glucuronosyl [3H]estradiol and [3H]cholyltaurine by 75 and 80%, respectively. Extended treatment of rats with fusidate (100 micromol/kg body weight, three times daily i.p. for 3 days) reduced hepatic Mrp2 protein levels by 61% (P<0.001). Our data suggest that there are at least two different mechanisms involved in the impairment of transport processes and hepatobiliary elimination by fusidate, direct inhibition of transport of Mrp2 and Bsep substrates by competitive interaction and impairment by a decreased level of hepatic Mrp2.",10.1016/s0006-2952(02)01015-8,2002,Biochem Pharmacol,,64,1,151,158,12106615,"Bode KA, Donner MG, Leier I, Keppler D.",,12106615,,Inhibition of transport across the hepatocyte canalicular membrane by the antibiotic fusidate.,"Hyperbilirubinemia is a frequent side effect induced by long-term therapy with the antibiotic fusidate. The aim of this study was to elucidate the molecular mechanisms of fusidate-induced hyperbilirubinemia by investigating its influence on hepatic transport systems in the canalicular membrane. Using canalicular membrane vesicles from rat liver, we determined the effect of fusidate on the adenosine 5'-triphosphate (ATP)-dependent transport of substrates of the apical conjugate export pump, multi-drug resistance protein 2 (Mrp2, symbol Abcc2) and the bile salt export pump (Bsep, symbol Abcb11). Fusidate inhibited the ATP-dependent transport of the Mrp2 substrates 17beta-glucuronosyl estradiol and leukotriene C4, and the transport of cholyltaurine by Bsep with Ki values of 2.2+/-0.3, 7.6+/-1.3, and 5.5+/-0.8 microM, respectively. To elucidate the in vivo implication of these findings, the effect of fusidate treatment on the elimination of intravenously administered tracer doses of 17beta-glucuronosyl estradiol and cholyltaurine into bile was studied in rats. Treatment with fusidate (100 micromol/kg body weight) reduced the biliary excretion rate of 17beta-glucuronosyl [3H]estradiol and [3H]cholyltaurine by 75 and 80%, respectively. Extended treatment of rats with fusidate (100 micromol/kg body weight, three times daily i.p. for 3 days) reduced hepatic Mrp2 protein levels by 61% (P<0.001). Our data suggest that there are at least two different mechanisms involved in the impairment of transport processes and hepatobiliary elimination by fusidate, direct inhibition of transport of Mrp2 and Bsep substrates by competitive interaction and impairment by a decreased level of hepatic Mrp2.",Biochemical pharmacology,0006-2952,64,1,151,158,"Journal Article|Research Support, Non-U.S. Gov't","Adenosine Triphosphate|Animals|Anti-Bacterial Agents|Bile Canaliculi|Biological Transport|Cell Membrane|Drug Interactions|Estradiol|Fusidic Acid|Glucuronates|Hepatocytes|Liver|Male|Membrane Transport Proteins|Multidrug Resistance-Associated Protein 2|Multidrug Resistance-Associated Proteins|Rabbits|Rats|Rats, Wistar|Taurocholic Acid|Transfection|Tritium",metabolism|pharmacology|cytology|drug effects|drug effects|metabolism|analogs & derivatives|pharmacology|pharmacology|pharmacology|drug effects|metabolism|drug effects|metabolism|drug effects|metabolism|pharmacology,17-glucuronosylestradiol|Anti-Bacterial Agents|Glucuronates|Membrane Transport Proteins|Multidrug Resistance-Associated Protein 2|Multidrug Resistance-Associated Proteins|Tritium|Estradiol|Fusidic Acid|Taurocholic Acid|Adenosine Triphosphate|multidrug resistance-associated protein 1,03,12,2021,2002,08,07,,12106615,Biochemical Pharmacology,JournalArticle,8dfdc9e6b9356d9046e38d96c0970be7a7290ea0,"{""MAG"": ""2030019827"", ""DOI"": ""10.1016/S0006-2952(02)01015-8"", ""CorpusId"": 25167340, ""PubMed"": ""12106615""}",10.1016/S0006-2952(02)01015-8,,article,journal-article,,https://openalex.org/W2030019827,,"Anti-Bacterial Agents|Estradiol|Fusidic Acid|Hepatocytes|Liver|Membrane Transport Proteins|Adenosine Triphosphate|Adenosine Triphosphate|Animals|Anti-Bacterial Agents|Bile Canaliculi|Bile Canaliculi|Biological Transport|Biological Transport|Cell Membrane|Cell Membrane|Cell Membrane|Drug Interactions|Estradiol|Estradiol|Fusidic Acid|Glucuronates|Glucuronates|Hepatocytes|Hepatocytes|Liver|Liver|Male|Multidrug Resistance-Associated Protein 2|Multidrug Resistance-Associated Proteins|Multidrug Resistance-Associated Proteins|Multidrug Resistance-Associated Proteins|Rabbits|Rats|Rats, Wistar|Taurocholic Acid|Taurocholic Acid|Transfection|Tritium",,,journal-article,,Inhibition of transport across the hepatocyte canalicular membrane by the antibiotic fusidate,,,
CHEMBL1130597,Design of a high affinity peptidomimetic opioid agonist from peptide pharmacophore models.,"A pair of diastereomeric peptidomimetics based upon opioid receptor-binding pharmacophore models derived for a series of opioid tetrapeptides was synthesized. Both analogues display high opioid receptor affinity, moderate selectivity for the mu opioid receptor, and are potent, full agonists.",10.1016/s0960-894x(98)00472-7,1998,Bioorg Med Chem Lett,,8,19,2685,2688,9873603,"Wang C, McFadyen IJ, Traynor JR, Mosberg HI.",,9873603,,Design of a high affinity peptidomimetic opioid agonist from peptide pharmacophore models.,"A pair of diastereomeric peptidomimetics based upon opioid receptor-binding pharmacophore models derived for a series of opioid tetrapeptides was synthesized. Both analogues display high opioid receptor affinity, moderate selectivity for the mu opioid receptor, and are potent, full agonists.",Bioorganic & medicinal chemistry letters,0960-894X,8,19,2685,2688,"Journal Article|Research Support, U.S. Gov't, P.H.S.","Drug Design|Kinetics|Opioid Peptides|Protein Conformation|Receptors, Opioid, delta|Receptors, Opioid, mu|Stereoisomerism|Structure-Activity Relationship",chemical synthesis|metabolism|pharmacology|agonists|metabolism|agonists|metabolism,"Opioid Peptides|Receptors, Opioid, delta|Receptors, Opioid, mu",19,08,2019,1999,02,02,,9873603,Bioorganic & Medicinal Chemistry Letters,JournalArticle,2caeb6e53815240560e09425b2b4088e352f1626,"{""MAG"": ""2951431688"", ""DOI"": ""10.1016/S0960-894X(98)00472-7"", ""CorpusId"": 44597247, ""PubMed"": ""9873603""}",10.1016/S0960-894X(98)00472-7,,article,journal-article,,https://openalex.org/W2003123244,,"Opioid Peptides|Opioid Peptides|Receptors, Opioid, delta|Receptors, Opioid, mu|Drug Design|Kinetics|Opioid Peptides|Opioid Peptides|Protein Conformation|Receptors, Opioid, delta|Receptors, Opioid, delta|Receptors, Opioid, mu|Receptors, Opioid, mu|Stereoisomerism|Structure-Activity Relationship",,,journal-article,,Design of a high affinity peptidomimetic opioid agonist from peptide pharmacophore models,,,
CHEMBL1130663,N-substituted octahydro-4a-(3-hydroxyphenyl)-10a-methyl-benzo[g]isoquinolines are opioid receptor pure antagonists.,"N-Methyl- and N-phenylethyl-(+/-)-1,2,3,4,4a,5,10,10a- octahydro-4a-(3-hydroxyphenyl)-10a-methyl-benzo[g]isoquinolines (4 and 5, respectively) were found to be pure opioid antagonists. These compounds were shown to share many of the characteristics identified with the N-methyl- and N-phenylethyl trans-3,4-dimethyl-4-(3-hydroxyphenyl)piperidine (1 and 2, respectively) including N-substituent mediated potency and a lack of N-substituent mediated antagonism. These data suggest that compounds 4 and 5 and the N-substituted trans-3,4-dimethyl-4-(3-hydroxyphenyl)piperidines (1 and 2) may interact with opioid receptors similarly.",10.1016/s0960-894x(98)00576-9,1998,Bioorg Med Chem Lett,,8,22,3149,3152,9873693,"Thomas JB, Mascarella SW, Burgess JP, Xu H, McCullough KB, Rothman RB, Flippen-Anderson JL, George CF, Cantrell BE, Zimmerman DM, Carroll FI.",,9873693,,N-substituted octahydro-4a-(3-hydroxyphenyl)-10a-methyl-benzo[g]isoquinolines are opioid receptor pure antagonists.,"N-Methyl- and N-phenylethyl-(+/-)-1,2,3,4,4a,5,10,10a- octahydro-4a-(3-hydroxyphenyl)-10a-methyl-benzo[g]isoquinolines (4 and 5, respectively) were found to be pure opioid antagonists. These compounds were shown to share many of the characteristics identified with the N-methyl- and N-phenylethyl trans-3,4-dimethyl-4-(3-hydroxyphenyl)piperidine (1 and 2, respectively) including N-substituent mediated potency and a lack of N-substituent mediated antagonism. These data suggest that compounds 4 and 5 and the N-substituted trans-3,4-dimethyl-4-(3-hydroxyphenyl)piperidines (1 and 2) may interact with opioid receptors similarly.",Bioorganic & medicinal chemistry letters,0960-894X,8,22,3149,3152,"Journal Article|Research Support, U.S. Gov't, P.H.S.",Animals|Guanosine 5'-O-(3-Thiotriphosphate)|Guinea Pigs|Isoquinolines|Narcotic Antagonists|Piperidines|Structure-Activity Relationship,metabolism|chemical synthesis|pharmacology|chemical synthesis|pharmacology|pharmacology,Isoquinolines|Narcotic Antagonists|Piperidines|Guanosine 5'-O-(3-Thiotriphosphate),19,08,2019,1999,01,26,,9873693,Bioorganic & Medicinal Chemistry Letters,JournalArticle,a3845248d3c663680dfddcfc982b8895ffd7044c,"{""MAG"": ""2070794292"", ""DOI"": ""10.1016/S0960-894X(98)00576-9"", ""CorpusId"": 9336137, ""PubMed"": ""9873693""}",10.1016/S0960-894X(98)00576-9,,article,journal-article,,https://openalex.org/W2070794292,,Isoquinolines|Narcotic Antagonists|Narcotic Antagonists|Animals|Guanosine 5'-O-(3-Thiotriphosphate)|Guanosine 5'-O-(3-Thiotriphosphate)|Guinea Pigs|Isoquinolines|Isoquinolines|Narcotic Antagonists|Piperidines|Piperidines|Structure-Activity Relationship,,,journal-article,,N-substituted octahydro-4a-(3-hydroxyphenyl)-10a-methyl-benzo[g]isoquinolines are opioid receptor pure antagonists,,,
CHEMBL1140055,"Mixed-lineage kinase 1 and mixed-lineage kinase 3 subtype-selective dihydronaphthyl[3,4-a]pyrrolo[3,4-c]carbazole-5-ones: optimization, mixed-lineage kinase 1 crystallography, and oral in vivo activity in 1-methyl-4-phenyltetrahydropyridine models.","The optimization of the dihydronaphthyl[3,4-a]pyrrolo[3,4-c]carbazole-5-one R(2) and R(12) positions led to the identification of the first MLK1 and MLK3 subtype-selective inhibitors within the MLK family. Compounds 14 (CEP-5104) and 16 (CEP-6331) displayed good potency for MLK1 and MLK3 inhibition with a greater than 30- to 100-fold selectivity for related family members MLK2 and DLK. Compounds 14 and 16 were orally active in vivo in a mouse MPTP biochemical efficacy model that was comparable to the first-generation pan-MLK inhibitor 1 (CEP-1347). The MLK1 structure-activity relationships were supported by the first-reported X-ray crystal structure of MLK1 bound with 16.",10.1021/jm8005838,2008,J Med Chem,,51,18,5680,5689,18714982,"Hudkins RL, Diebold JL, Tao M, Josef KA, Park CH, Angeles TS, Aimone LD, Husten J, Ator MA, Meyer SL, Holskin BP, Durkin JT, Fedorov AA, Fedorov EV, Almo SC, Mathiasen JR, Bozyczko-Coyne D, Saporito MS, Scott RW, Mallamo JP.",,18714982,10.1021/jm8005838,"Mixed-lineage kinase 1 and mixed-lineage kinase 3 subtype-selective dihydronaphthyl[3,4-a]pyrrolo[3,4-c]carbazole-5-ones: optimization, mixed-lineage kinase 1 crystallography, and oral in vivo activity in 1-methyl-4-phenyltetrahydropyridine models.","The optimization of the dihydronaphthyl[3,4-a]pyrrolo[3,4-c]carbazole-5-one R(2) and R(12) positions led to the identification of the first MLK1 and MLK3 subtype-selective inhibitors within the MLK family. Compounds 14 (CEP-5104) and 16 (CEP-6331) displayed good potency for MLK1 and MLK3 inhibition with a greater than 30- to 100-fold selectivity for related family members MLK2 and DLK. Compounds 14 and 16 were orally active in vivo in a mouse MPTP biochemical efficacy model that was comparable to the first-generation pan-MLK inhibitor 1 (CEP-1347). The MLK1 structure-activity relationships were supported by the first-reported X-ray crystal structure of MLK1 bound with 16.",Journal of medicinal chemistry,1520-4804,51,18,5680,5689,Journal Article,"Administration, Oral|Animals|Carbazoles|Cell Line, Tumor|Crystallography, X-Ray|Humans|In Vitro Techniques|MAP Kinase Kinase Kinases|Magnetic Resonance Spectroscopy|Mice|Models, Molecular|Molecular Structure|Protein Kinase Inhibitors|Pyrrolidinones|Rats|Mitogen-Activated Protein Kinase Kinase Kinase 11",administration & dosage|chemistry|pharmacology|antagonists & inhibitors|administration & dosage|chemistry|pharmacology|administration & dosage|chemistry|pharmacology,"2-isopropoxy-12-(2-hydroxyethyl)-13,14-dihydronaphthol(2,1-a)pyrrolo(3,4-c)carbazole-5-one|2-methoxy-12-(2-hydroxyethyl)-13,14-dihydronaphthol(2,1-a)pyrrolo(3,4-c)carbazole-5-one|Carbazoles|Protein Kinase Inhibitors|Pyrrolidinones|MAP Kinase Kinase Kinases|MAP3K9 protein, human",13,12,2023,2008,10,09,,18714982,Journal of Medicinal Chemistry,JournalArticle,5397ea38e2d843c1121e534ff193cbca80a40efc,"{""MAG"": ""2076174549"", ""DOI"": ""10.1021/jm8005838"", ""CorpusId"": 39321014, ""PubMed"": ""18714982""}",10.1021/jm8005838,,article,journal-article,,https://openalex.org/W2076174549,,"Carbazoles|MAP Kinase Kinase Kinases|Models, Molecular|Protein Kinase Inhibitors|Pyrrolidinones|Administration, Oral|Animals|Carbazoles|Carbazoles|Carbazoles|Cell Line, Tumor|Crystallography, X-Ray|Humans|In Vitro Techniques|MAP Kinase Kinase Kinases|Magnetic Resonance Spectroscopy|Mice|Mitogen-Activated Protein Kinase Kinase Kinase 11|Molecular Structure|Protein Kinase Inhibitors|Protein Kinase Inhibitors|Protein Kinase Inhibitors|Pyrrolidinones|Pyrrolidinones|Pyrrolidinones|Rats",,,journal-article,,"Mixed-Lineage Kinase 1 and Mixed-Lineage Kinase 3 Subtype-Selective Dihydronaphthyl[3,4-a]pyrrolo[3,4-c]carbazole-5-ones: Optimization, Mixed-Lineage Kinase 1 Crystallography, and Oral in Vivo Activity in 1-Methyl-4-phenyltetrahydropyridine Models",,,
CHEMBL1137003,Novel sulfone-containing di- and trisubstituted cyclohexanes as potent CC chemokine receptor 2 (CCR2) antagonists.,"Potent sulfone-containing di- and trisubstituted cyclohexanes were synthesized and evaluated as CC chemokine receptor 2 (CCR2) antagonists. This led to the trisubstituted derivative 54, which exhibited excellent binding (CCR2 IC(50)=1.3nM) and functional antagonism (calcium flux IC(50)=0.5nM and chemotaxis IC(50)=0.2nM). The superiority of the trisubstituted scaffold was rationalized to be the result of a conformational rigidification, which provided insight into the bioactive conformation of this chemotype.",10.1016/j.bmcl.2009.05.041,2009,Bioorg Med Chem Lett,,19,13,3418,3422,19481449,"Cherney RJ, Mo R, Meyer DT, Voss ME, Lo YC, Yang G, Miller PB, Scherle PA, Tebben AJ, Carter PH, Decicco CP.",,19481449,10.1016/j.bmcl.2009.05.041,Novel sulfone-containing di- and trisubstituted cyclohexanes as potent CC chemokine receptor 2 (CCR2) antagonists.,"Potent sulfone-containing di- and trisubstituted cyclohexanes were synthesized and evaluated as CC chemokine receptor 2 (CCR2) antagonists. This led to the trisubstituted derivative 54, which exhibited excellent binding (CCR2 IC(50)=1.3nM) and functional antagonism (calcium flux IC(50)=0.5nM and chemotaxis IC(50)=0.2nM). The superiority of the trisubstituted scaffold was rationalized to be the result of a conformational rigidification, which provided insight into the bioactive conformation of this chemotype.",Bioorganic & medicinal chemistry letters,1464-3405,19,13,3418,3422,Journal Article,"Cyclohexanes|Molecular Conformation|Receptors, CCR2|Sulfones",chemical synthesis|chemistry|pharmacology|antagonists & inhibitors|metabolism|chemical synthesis|chemistry,"Cyclohexanes|Receptors, CCR2|Sulfones",09,06,2009,2009,09,01,,19481449,Bioorganic & Medicinal Chemistry Letters,JournalArticle,88646259cfe2766f0c43f73c277ab1c499477e89,"{""MAG"": ""2009009760"", ""DOI"": ""10.1016/j.bmcl.2009.05.041"", ""CorpusId"": 206240890, ""PubMed"": ""19481449""}",10.1016/j.bmcl.2009.05.041,,article,journal-article,,https://openalex.org/W2009009760,,"Cyclohexanes|Receptors, CCR2|Sulfones|Cyclohexanes|Cyclohexanes|Cyclohexanes|Molecular Conformation|Receptors, CCR2|Receptors, CCR2|Sulfones|Sulfones",,,journal-article,,Novel sulfone-containing di- and trisubstituted cyclohexanes as potent CC chemokine receptor 2 (CCR2) antagonists,,,
CHEMBL1138468,"Potent, brain-penetrant, hydroisoindoline-based human neurokinin-1 receptor antagonists.","3-[(3aR,4R,5S,7aS)-5-{(1R)-1-[3,5-bis(trifluoromethyl)phenyl]ethoxy}-4-(4-fluorophenyl)octahydro-2H-isoindol-2-yl]cyclopent-2-en-1-one (17) is a high affinity, brain-penetrant, hydroisoindoline-based neurokinin-1 (NK(1)) receptor antagonist with a long central duration of action in preclinical species and a minimal drug-drug interaction profile. Positron emission tomography (PET) studies in rhesus showed that this compound provides 90% NK(1) receptor blockade in rhesus brain at a plasma level of 67 nM, which is about 10-fold more potent than aprepitant, an NK(1) antagonist marketed for the prevention of chemotherapy-induced and postoperative nausea and vomiting (CINV and PONV). The synthesis of this enantiomerically pure compound containing five stereocenters includes a Diels-Alder condensation, one chiral separation of the cyclohexanol intermediate, an ether formation using a trichloroacetimidate intermediate, and bis-alkylation to form the cyclic amine.",10.1021/jm8016514,2009,J Med Chem,,52,9,3039,3046,19354254,"Jiang J, Bunda JL, Doss GA, Chicchi GG, Kurtz MM, Tsao KL, Tong X, Zheng S, Upthagrove A, Samuel K, Tschirret-Guth R, Kumar S, Wheeldon A, Carlson EJ, Hargreaves R, Burns D, Hamill T, Ryan C, Krause SM, Eng W, DeVita RJ, Mills SG.",,19354254,10.1021/jm8016514,"Potent, brain-penetrant, hydroisoindoline-based human neurokinin-1 receptor antagonists.","3-[(3aR,4R,5S,7aS)-5-{(1R)-1-[3,5-bis(trifluoromethyl)phenyl]ethoxy}-4-(4-fluorophenyl)octahydro-2H-isoindol-2-yl]cyclopent-2-en-1-one (17) is a high affinity, brain-penetrant, hydroisoindoline-based neurokinin-1 (NK(1)) receptor antagonist with a long central duration of action in preclinical species and a minimal drug-drug interaction profile. Positron emission tomography (PET) studies in rhesus showed that this compound provides 90% NK(1) receptor blockade in rhesus brain at a plasma level of 67 nM, which is about 10-fold more potent than aprepitant, an NK(1) antagonist marketed for the prevention of chemotherapy-induced and postoperative nausea and vomiting (CINV and PONV). The synthesis of this enantiomerically pure compound containing five stereocenters includes a Diels-Alder condensation, one chiral separation of the cyclohexanol intermediate, an ether formation using a trichloroacetimidate intermediate, and bis-alkylation to form the cyclic amine.",Journal of medicinal chemistry,1520-4804,52,9,3039,3046,Journal Article,"Administration, Oral|Animals|Aprepitant|Brain|CHO Cells|Cricetinae|Cricetulus|Drug Interactions|Enzyme Inhibitors|Humans|Inhibitory Concentration 50|Isoindoles|Macaca mulatta|Morpholines|Neurokinin-1 Receptor Antagonists|Stereoisomerism",metabolism|chemical synthesis|metabolism|pharmacokinetics|pharmacology|chemical synthesis|metabolism|pharmacokinetics|pharmacology|pharmacology,Enzyme Inhibitors|Isoindoles|Morpholines|Neurokinin-1 Receptor Antagonists|Aprepitant,01,12,2018,2009,06,02,,19354254,Journal of Medicinal Chemistry,JournalArticle,344032b7a3881ddbaace2f68efa255526dcbb8e7,"{""MAG"": ""2093762766"", ""DOI"": ""10.1021/jm8016514"", ""CorpusId"": 29677139, ""PubMed"": ""19354254""}",10.1021/jm8016514,,article,journal-article,,https://openalex.org/W2093762766,,"Brain|Isoindoles|Isoindoles|Neurokinin-1 Receptor Antagonists|Administration, Oral|Animals|Aprepitant|Brain|CHO Cells|Cricetinae|Cricetulus|Drug Interactions|Enzyme Inhibitors|Enzyme Inhibitors|Enzyme Inhibitors|Enzyme Inhibitors|Enzyme Inhibitors|Humans|Inhibitory Concentration 50|Isoindoles|Isoindoles|Isoindoles|Macaca mulatta|Morpholines|Morpholines|Stereoisomerism",,,journal-article,,"Potent, Brain-Penetrant, Hydroisoindoline-Based Human Neurokinin-1 Receptor Antagonists",,,
CHEMBL1130789,Peptidyl human heart chymase inhibitors. 1. Synthesis and inhibitory activity of difluoromethylene ketone derivatives bearing P' binding subsites.,Peptidyl difluoromethylene ketone derivatives were designed to take advantage of probable additional interactions with the S' subsite of human heart chymase. They showed potent inhibitory activities against human heart chymase and were more efficient than bovine chymotrypsin.,10.1016/s0960-894x(98)00131-0,1998,Bioorg Med Chem Lett,,8,8,913,918,9871511,"Eda M, Ashimori A, Akahoshi F, Yoshimura T, Inoue Y, Fukaya C, Nakajima M, Fukuyama H, Imada T, Takai S, Shiota N, Miyazaki M, Nakamura N.",,9871511,,Peptidyl human heart chymase inhibitors. 1. Synthesis and inhibitory activity of difluoromethylene ketone derivatives bearing P' binding subsites.,Peptidyl difluoromethylene ketone derivatives were designed to take advantage of probable additional interactions with the S' subsite of human heart chymase. They showed potent inhibitory activities against human heart chymase and were more efficient than bovine chymotrypsin.,Bioorganic & medicinal chemistry letters,0960-894X,8,8,913,918,Comparative Study|Journal Article,"Animals|Cattle|Chymases|Chymotrypsin|Dipeptides|Humans|Indicators and Reagents|Ketones|Kinetics|Models, Molecular|Molecular Structure|Myocardium|Serine Endopeptidases|Serine Proteinase Inhibitors|Structure-Activity Relationship",antagonists & inhibitors|chemical synthesis|chemistry|pharmacology|chemical synthesis|chemistry|pharmacology|enzymology|metabolism|chemical synthesis|chemistry|pharmacology,Dipeptides|Indicators and Reagents|Ketones|Serine Proteinase Inhibitors|Serine Endopeptidases|Chymotrypsin|Chymases,19,08,2019,1999,01,26,,9871511,Bioorganic & Medicinal Chemistry Letters,JournalArticle; Study,e32b3ed2dd25001ef9fc7f43e3eb73562c70b703,"{""MAG"": ""2027309030"", ""DOI"": ""10.1016/S0960-894X(98)00131-0"", ""CorpusId"": 775317, ""PubMed"": ""9871511""}",10.1016/S0960-894X(98)00131-0,,article,journal-article,,https://openalex.org/W2027309030,,"Chymotrypsin|Dipeptides|Ketones|Myocardium|Serine Endopeptidases|Serine Proteinase Inhibitors|Animals|Cattle|Chymases|Chymotrypsin|Dipeptides|Dipeptides|Dipeptides|Humans|Indicators and Reagents|Ketones|Ketones|Ketones|Kinetics|Models, Molecular|Molecular Structure|Myocardium|Serine Endopeptidases|Serine Proteinase Inhibitors|Serine Proteinase Inhibitors|Serine Proteinase Inhibitors|Structure-Activity Relationship",,,journal-article,,Peptidyl human heart chymase inhibitors. 1. Synthesis and inhibitory activity of difluoromethylene ketone derivatives bearing P′ binding subsites,,,
CHEMBL1141687,"Design, syntheses, and structure-activity relationships of novel NPY Y5 receptor antagonists: 2-{3-Oxospiro[isobenzofuran-1(3H),4'-piperidin]-1'-yl}benzimidazole derivatives.","Design, syntheses, and structure-activity relationships of a novel class of 2-{3-oxospiro[isobenzofuran-1(3H),4'-piperidin]-1'-yl}benzimidazole NPY Y5 receptor antagonists are described. The benzimidazole structures were newly designed based on the urea linkage of our prototype Y5 receptor antagonists (2 and 3). By optimizing substituents on the benzimidazole core part of the lead compound 5a, we were able to develop a potent, orally available, and brain-penetrable Y5 selective antagonist (5k).",10.1016/j.bmcl.2008.08.018,2008,Bioorg Med Chem Lett,,18,18,5010,5014,18723347,"Ogino Y, Ohtake N, Nagae Y, Matsuda K, Moriya M, Suga T, Ishikawa M, Kanesaka M, Mitobe Y, Ito J, Kanno T, Ishihara A, Iwaasa H, Ohe T, Kanatani A, Fukami T.",,18723347,10.1016/j.bmcl.2008.08.018,"Design, syntheses, and structure-activity relationships of novel NPY Y5 receptor antagonists: 2-{3-Oxospiro[isobenzofuran-1(3H),4'-piperidin]-1'-yl}benzimidazole derivatives.","Design, syntheses, and structure-activity relationships of a novel class of 2-{3-oxospiro[isobenzofuran-1(3H),4'-piperidin]-1'-yl}benzimidazole NPY Y5 receptor antagonists are described. The benzimidazole structures were newly designed based on the urea linkage of our prototype Y5 receptor antagonists (2 and 3). By optimizing substituents on the benzimidazole core part of the lead compound 5a, we were able to develop a potent, orally available, and brain-penetrable Y5 selective antagonist (5k).",Bioorganic & medicinal chemistry letters,1464-3405,18,18,5010,5014,Journal Article,"Administration, Oral|Animals|Benzimidazoles|Brain|Combinatorial Chemistry Techniques|Drug Design|Molecular Structure|Rats|Receptors, Neuropeptide Y|Structure-Activity Relationship",chemical synthesis|chemistry|pharmacology|drug effects|antagonists & inhibitors,"Benzimidazoles|Receptors, Neuropeptide Y|neuropeptide Y5 receptor",15,09,2008,2008,10,14,,18723347,Bioorganic & Medicinal Chemistry Letters,JournalArticle,1654d653e4076008593503c075ed73340072b2de,"{""MAG"": ""2066504001"", ""DOI"": ""10.1016/j.bmcl.2008.08.018"", ""CorpusId"": 1719955, ""PubMed"": ""18723347""}",10.1016/j.bmcl.2008.08.018,,article,journal-article,,https://openalex.org/W2066504001,,"Benzimidazoles|Benzimidazoles|Receptors, Neuropeptide Y|Administration, Oral|Animals|Benzimidazoles|Benzimidazoles|Brain|Brain|Combinatorial Chemistry Techniques|Drug Design|Molecular Structure|Rats|Receptors, Neuropeptide Y|Structure-Activity Relationship",,,journal-article,,"Design, syntheses, and structure–activity relationships of novel NPY Y5 receptor antagonists: 2-{3-Oxospiro[isobenzofuran-1(3H),4′-piperidin]-1′-yl}benzimidazole derivatives",,,
CHEMBL1137005,"Discovery of spirocyclic secondary amine-derived tertiary ureas as highly potent, selective and bioavailable soluble epoxide hydrolase inhibitors.","Spirocyclic secondary amine-derived trisubstituted ureas were identified as highly potent, bioavailable and selective soluble epoxide hydrolase (sEH) inhibitors. Despite good oral exposure and excellent ex vivo target engagement in blood, one such compound, rac-1a, failed to lower blood pressure acutely in spontaneously hypertensive rats (SHRs). This study posed the question as to whether sEH inhibition provides a robust mechanism leading to a significant antihypertensive effect.",10.1016/j.bmcl.2009.05.036,2009,Bioorg Med Chem Lett,,19,13,3398,3404,19481932,"Shen HC, Ding FX, Wang S, Xu S, Chen HS, Tong X, Tong V, Mitra K, Kumar S, Zhang X, Chen Y, Zhou G, Pai LY, Alonso-Galicia M, Chen X, Zhang B, Tata JR, Berger JP, Colletti SL.",,19481932,10.1016/j.bmcl.2009.05.036,"Discovery of spirocyclic secondary amine-derived tertiary ureas as highly potent, selective and bioavailable soluble epoxide hydrolase inhibitors.","Spirocyclic secondary amine-derived trisubstituted ureas were identified as highly potent, bioavailable and selective soluble epoxide hydrolase (sEH) inhibitors. Despite good oral exposure and excellent ex vivo target engagement in blood, one such compound, rac-1a, failed to lower blood pressure acutely in spontaneously hypertensive rats (SHRs). This study posed the question as to whether sEH inhibition provides a robust mechanism leading to a significant antihypertensive effect.",Bioorganic & medicinal chemistry letters,1464-3405,19,13,3398,3404,Journal Article,"Amines|Animals|Antihypertensive Agents|Cell Line|Drug Discovery|Enzyme Inhibitors|Epoxide Hydrolases|Humans|Rats|Rats, Inbred SHR|Spiro Compounds|Structure-Activity Relationship|Urea",chemistry|chemical synthesis|chemistry|pharmacokinetics|chemical synthesis|chemistry|pharmacokinetics|antagonists & inhibitors|metabolism|chemistry|analogs & derivatives|chemical synthesis|pharmacokinetics,Amines|Antihypertensive Agents|Enzyme Inhibitors|Spiro Compounds|Urea|Epoxide Hydrolases,21,11,2013,2009,09,01,,19481932,Bioorganic & Medicinal Chemistry Letters,JournalArticle,79ef251257d81ee2e468083feab0263b88f7abd7,"{""MAG"": ""1973834649"", ""DOI"": ""10.1016/j.bmcl.2009.05.036"", ""CorpusId"": 25758113, ""PubMed"": ""19481932""}",10.1016/j.bmcl.2009.05.036,,article,journal-article,,https://openalex.org/W1973834649,,"Amines|Antihypertensive Agents|Enzyme Inhibitors|Epoxide Hydrolases|Spiro Compounds|Urea|Amines|Animals|Antihypertensive Agents|Antihypertensive Agents|Antihypertensive Agents|Cell Line|Drug Discovery|Enzyme Inhibitors|Enzyme Inhibitors|Enzyme Inhibitors|Epoxide Hydrolases|Epoxide Hydrolases|Humans|Rats|Rats, Inbred SHR|Spiro Compounds|Structure-Activity Relationship|Urea|Urea|Urea",,,journal-article,,"Discovery of spirocyclic secondary amine-derived tertiary ureas as highly potent, selective and bioavailable soluble epoxide hydrolase inhibitors",,,
CHEMBL3046764,"Heterocyclic ortho-quinones, a novel type of Photosystem II inhibitors.","Members of the new chemical class of 7-substituted 6-bromo-benzo[4,5]imidazo[1,2alpha]pyridin-8,9-diones were found to be excellent inhibitors at the Q(B) site of the photosystem II D1 reaction center protein. The best inhibitors with pI(50)-values of >7 are: dimethyl-propyl, 7.05; i-pentyl, 7.36; t. butyl, 7.47; and i-propyl, 7.51. Displacement experiments with [14C]atrazine revealed that the 8,9-diones behave non-competitively in respect of Photosystem II herbicides and, hence, have to be considered as a new type of Photosystem II inhibitors. This notion is further corroborated by their inhibitory activity in D1 mutants of Chlamydomonas reinhardtii.",10.1016/s0005-2728(00)00263-2,2001,Biochim Biophys Acta,,1504,2,346,351,11245798,"Oettmeier W, Masson K, Hecht H.",,11245798,,"Heterocyclic ortho-quinones, a novel type of Photosystem II inhibitors.","Members of the new chemical class of 7-substituted 6-bromo-benzo[4,5]imidazo[1,2alpha]pyridin-8,9-diones were found to be excellent inhibitors at the Q(B) site of the photosystem II D1 reaction center protein. The best inhibitors with pI(50)-values of >7 are: dimethyl-propyl, 7.05; i-pentyl, 7.36; t. butyl, 7.47; and i-propyl, 7.51. Displacement experiments with [14C]atrazine revealed that the 8,9-diones behave non-competitively in respect of Photosystem II herbicides and, hence, have to be considered as a new type of Photosystem II inhibitors. This notion is further corroborated by their inhibitory activity in D1 mutants of Chlamydomonas reinhardtii.",Biochimica et biophysica acta,0006-3002,1504,2-3,346,351,"Comparative Study|Journal Article|Research Support, Non-U.S. Gov't",Animals|Atrazine|Chlamydomonas reinhardtii|Chloroplasts|Herbicides|Molecular Structure|Photosynthetic Reaction Center Complex Proteins|Photosystem II Protein Complex|Plastoquinone|Quinones|Spinacia oleracea|X-Ray Diffraction,pharmacology|drug effects|metabolism|pharmacology|antagonists & inhibitors|chemistry|chemical synthesis|pharmacology,Herbicides|Photosynthetic Reaction Center Complex Proteins|Photosystem II Protein Complex|Quinones|Plastoquinone|Atrazine,10,06,2019,2001,04,26,,11245798,Biochimica et Biophysica Acta,JournalArticle; Study,48e05029128d405645f1b35ceeb9f6440b2250b7,"{""MAG"": ""2163475550"", ""DOI"": ""10.1016/S0005-2728(00)00263-2"", ""CorpusId"": 41093572, ""PubMed"": ""11245798""}",10.1016/S0005-2728(00)00263-2,,article,journal-article,,https://openalex.org/W2163475550,,Photosynthetic Reaction Center Complex Proteins|Quinones|Animals|Atrazine|Atrazine|Chlamydomonas reinhardtii|Chloroplasts|Chloroplasts|Chloroplasts|Herbicides|Herbicides|Molecular Structure|Photosynthetic Reaction Center Complex Proteins|Photosystem II Protein Complex|Plastoquinone|Plastoquinone|Quinones|Quinones|Spinacia oleracea|X-Ray Diffraction,,,journal-article,,"Heterocyclic ortho-quinones, a novel type of Photosystem II inhibitors",,,
CHEMBL3044975,Hybrid ubiquinone: novel inhibitor of mitochondrial complex I.,"We synthesized novel ubiquinone analogs by hybridizing the natural ubiquinone ring (2,3-dimethoxy-5-methyl-1,4-benzoquinone) and hydrophobic phenoxybenzamide unit, and named them hybrid ubiquinones (HUs). The HUs worked as electron transfer substrates with bovine heart mitochondrial succinate-ubiquinone oxidoreductase (complex II) and ubiquinol-cytochrome c oxidoreductase (complex III), but not with NADH-ubiquinone oxidoreductase (complex I). With complex I, they acted as inhibitors in a noncompetitive manner against exogenous short-chain ubiquinones irrespective of the presence of the natural ubiquinone ring. Elongation of the distance between the ubiquinone ring and the phenoxybenzamide unit did not recover the electron accepting activity. The structure/activity study showed that high structural specificity of the phenoxybenzamide moiety is required to act as a potent inhibitor of complex I. These findings indicate that binding of the HUs to complex I is mainly decided by some specific interaction of the phenoxybenzamide moiety with the enzyme. It is of interest that an analogous bulky and hydrophobic substructure can be commonly found in recently registered synthetic pesticides the action site of which is mitochondrial complex I.",10.1016/s0005-2728(02)00341-9,2002,Biochim Biophys Acta,,1556,2,106,112,12460667,"Yabunaka H, Kenmochi A, Nakatogawa Y, Sakamoto K, Miyoshi H.",,12460667,,Hybrid ubiquinone: novel inhibitor of mitochondrial complex I.,"We synthesized novel ubiquinone analogs by hybridizing the natural ubiquinone ring (2,3-dimethoxy-5-methyl-1,4-benzoquinone) and hydrophobic phenoxybenzamide unit, and named them hybrid ubiquinones (HUs). The HUs worked as electron transfer substrates with bovine heart mitochondrial succinate-ubiquinone oxidoreductase (complex II) and ubiquinol-cytochrome c oxidoreductase (complex III), but not with NADH-ubiquinone oxidoreductase (complex I). With complex I, they acted as inhibitors in a noncompetitive manner against exogenous short-chain ubiquinones irrespective of the presence of the natural ubiquinone ring. Elongation of the distance between the ubiquinone ring and the phenoxybenzamide unit did not recover the electron accepting activity. The structure/activity study showed that high structural specificity of the phenoxybenzamide moiety is required to act as a potent inhibitor of complex I. These findings indicate that binding of the HUs to complex I is mainly decided by some specific interaction of the phenoxybenzamide moiety with the enzyme. It is of interest that an analogous bulky and hydrophobic substructure can be commonly found in recently registered synthetic pesticides the action site of which is mitochondrial complex I.",Biochimica et biophysica acta,0006-3002,1556,2-3,106,112,Journal Article,"Animals|Cattle|Electron Transport|Electron Transport Complex I|Electron Transport Complex II|Electron Transport Complex III|Mitochondria, Heart|Molecular Structure|Multienzyme Complexes|Myocardium|NADH, NADPH Oxidoreductases|Oxidation-Reduction|Oxidoreductases|Pesticides|Structure-Activity Relationship|Submitochondrial Particles|Succinate Dehydrogenase|Ubiquinone",metabolism|chemistry|enzymology|metabolism|chemistry|cytology|antagonists & inhibitors|metabolism|metabolism|chemistry|metabolism|metabolism|analogs & derivatives|chemical synthesis|metabolism,"Multienzyme Complexes|Pesticides|Ubiquinone|Oxidoreductases|Electron Transport Complex II|Succinate Dehydrogenase|NADH, NADPH Oxidoreductases|Electron Transport Complex I|Electron Transport Complex III",10,12,2019,2003,01,27,,12460667,Biochimica et Biophysica Acta,JournalArticle,8b791cd8b118e210fddf1861260dcf355fbaf400,"{""MAG"": ""2006520406"", ""DOI"": ""10.1016/S0005-2728(02)00341-9"", ""CorpusId"": 23799029, ""PubMed"": ""12460667""}",10.1016/S0005-2728(02)00341-9,,article,journal-article,,https://openalex.org/W2006520406,,"Electron Transport|NADH, NADPH Oxidoreductases|NADH, NADPH Oxidoreductases|Ubiquinone|Ubiquinone|Animals|Cattle|Electron Transport Complex I|Electron Transport Complex II|Electron Transport Complex III|Electron Transport Complex III|Mitochondria, Heart|Mitochondria, Heart|Mitochondria, Heart|Molecular Structure|Multienzyme Complexes|Multienzyme Complexes|Myocardium|Myocardium|Myocardium|NADH, NADPH Oxidoreductases|Oxidation-Reduction|Oxidoreductases|Oxidoreductases|Pesticides|Pesticides|Structure-Activity Relationship|Submitochondrial Particles|Submitochondrial Particles|Succinate Dehydrogenase|Succinate Dehydrogenase|Ubiquinone|Ubiquinone",,,journal-article,,Hybrid ubiquinone: novel inhibitor of mitochondrial complex I,,,
CHEMBL1132531,From histamine to imidazolylalkyl-sulfonamides: the design of a novel series of histamine H3-receptor antagonists.,Histamine was converted to a selective histamine H3-receptor antagonist by capping the primary amine with 2-naphthalenesulfonyl chloride. Higher receptor affinity and lower variability in the data from the various bioassays were achieved with the 2-naphthalensulfonamides of histamine homologues.,10.1016/s0960-894x(99)00272-3,1999,Bioorg Med Chem Lett,,9,13,1825,1830,10406649,"Tozer MJ, Harper EA, Kalindjian SB, Pether MJ, Shankley NP, Watt GF.",,10406649,,From histamine to imidazolylalkyl-sulfonamides: the design of a novel series of histamine H3-receptor antagonists.,Histamine was converted to a selective histamine H3-receptor antagonist by capping the primary amine with 2-naphthalenesulfonyl chloride. Higher receptor affinity and lower variability in the data from the various bioassays were achieved with the 2-naphthalensulfonamides of histamine homologues.,Bioorganic & medicinal chemistry letters,0960-894X,9,13,1825,1830,Journal Article,"Animals|Drug Design|Guinea Pigs|Histamine Antagonists|Imidazoles|Kinetics|Models, Chemical|Receptors, Histamine H3|Sulfonamides",chemical synthesis|chemical synthesis|chemistry|chemical synthesis,"Histamine Antagonists|Imidazoles|Receptors, Histamine H3|Sulfonamides",19,08,2019,1999,10,14,,10406649,Bioorganic & Medicinal Chemistry Letters,JournalArticle,3d4df356497cb45f8d803abb3e2d7588dac7c714,"{""MAG"": ""1996202398"", ""DOI"": ""10.1016/S0960-894X(99)00272-3"", ""CorpusId"": 10099493, ""PubMed"": ""10406649""}",10.1016/S0960-894X(99)00272-3,,article,journal-article,,https://openalex.org/W1996202398,,"Drug Design|Histamine Antagonists|Imidazoles|Receptors, Histamine H3|Sulfonamides|Animals|Guinea Pigs|Histamine Antagonists|Imidazoles|Kinetics|Models, Chemical|Receptors, Histamine H3|Sulfonamides",,,journal-article,,From histamine to imidazolylalkyl-sulfonamides: The design of a novel series of histamine H3-receptor antagonists,,,
CHEMBL1156428,HIV-1 reverse transcriptase plus-strand initiation exhibits preferential sensitivity to non-nucleoside reverse transcriptase inhibitors in vitro.,"Non-nucleoside reverse transcriptase inhibitors (NNRTIs) are highly specific and potent allosteric inhibitors of human immunodeficiency virus type 1 (HIV-1) reverse transcriptase. NNRTIs inhibit reverse transcription in a substrate length-dependent manner in biochemical assays and in cell-based HIV-1 replication assays, suggesting a stochastic inhibitory mechanism. Surprisingly, we observed that NNRTIs potently inhibited plus-strand initiation in vitro under conditions in which little or no inhibition of minus-strand DNA synthesis was observed. In assays that recapitulated the initiation of plus-strand DNA synthesis, greater inhibition was observed with an RNA PPT primer than with a DNA primer of corresponding sequence and with wild-type reverse transcriptase but not with NNRTI-resistant enzymes. Structural elements that dictate sensitivity to NNRTIs were revealed using modified plus-strand initiation substrates. The data presented here suggest that specific inhibition of plus-strand initiation may be an important mechanism by which NNRTIs block HIV-1 replication.",10.1074/jbc.m608274200,2007,J Biol Chem,,282,11,8005,8010,17172472,"Grobler JA, Dornadula G, Rice MR, Simcoe AL, Hazuda DJ, Miller MD.",,17172472,,HIV-1 reverse transcriptase plus-strand initiation exhibits preferential sensitivity to non-nucleoside reverse transcriptase inhibitors in vitro.,"Non-nucleoside reverse transcriptase inhibitors (NNRTIs) are highly specific and potent allosteric inhibitors of human immunodeficiency virus type 1 (HIV-1) reverse transcriptase. NNRTIs inhibit reverse transcription in a substrate length-dependent manner in biochemical assays and in cell-based HIV-1 replication assays, suggesting a stochastic inhibitory mechanism. Surprisingly, we observed that NNRTIs potently inhibited plus-strand initiation in vitro under conditions in which little or no inhibition of minus-strand DNA synthesis was observed. In assays that recapitulated the initiation of plus-strand DNA synthesis, greater inhibition was observed with an RNA PPT primer than with a DNA primer of corresponding sequence and with wild-type reverse transcriptase but not with NNRTI-resistant enzymes. Structural elements that dictate sensitivity to NNRTIs were revealed using modified plus-strand initiation substrates. The data presented here suggest that specific inhibition of plus-strand initiation may be an important mechanism by which NNRTIs block HIV-1 replication.",The Journal of biological chemistry,0021-9258,282,11,8005,8010,Journal Article,"Alkynes|Anti-HIV Agents|Benzoxazines|Benzoxazoles|Cyclopropanes|DNA|Dose-Response Relationship, Drug|Drug Resistance, Viral|Enzyme Inhibitors|HIV Reverse Transcriptase|In Vitro Techniques|Inhibitory Concentration 50|Ligands|Models, Genetic|Oxazines|Pyridones|Reverse Transcriptase Inhibitors|Stochastic Processes|Transcription, Genetic|Virus Replication",pharmacology|pharmacology|chemistry|pharmacology|metabolism|pharmacology|pharmacology|pharmacology,Alkynes|Anti-HIV Agents|Benzoxazines|Benzoxazoles|Cyclopropanes|Enzyme Inhibitors|Ligands|Oxazines|Pyridones|Reverse Transcriptase Inhibitors|L-697661|DNA|HIV Reverse Transcriptase|efavirenz,09,02,2021,2007,04,24,,17172472,Journal of Biological Chemistry,JournalArticle,ddfc0345aa6b11fc68728c2d17a49df6a332737a,"{""MAG"": ""1972375862"", ""DOI"": ""10.1074/jbc.M608274200"", ""CorpusId"": 8468864, ""PubMed"": ""17172472""}",10.1074/jbc.M608274200,,article,journal-article,,https://openalex.org/W1972375862,,,,,journal-article,,HIV-1 Reverse Transcriptase Plus-strand Initiation Exhibits Preferential Sensitivity to Non-nucleoside Reverse Transcriptase Inhibitors in Vitro,,,
CHEMBL1156439,Structure of human Eg5 in complex with a new monastrol-based inhibitor bound in the R configuration.,"Drugs that target mitotic spindle proteins have been proven useful for tackling tumor growth. Eg5, a kinesin-5 family member, represents a potential target, since its inhibition leads to prolonged mitotic arrest through the activation of the mitotic checkpoint and apoptotic cell death. Monastrol, a specific dihydropyrimidine inhibitor of Eg5, shows stereo-specificity, since predominantly the (S)-, but not the (R)-, enantiomer has been shown to be the biologically active compound in vitro and in cell-based assays. Here, we solved the crystal structure (2.7A) of the complex between human Eg5 and a new keto derivative of monastrol (named mon-97), a potent antimitotic inhibitor. Surprisingly, we identified the (R)-enantiomer bound in the active site, and not, as for monastrol, the (S)-enantiomer. The absolute configuration of this more active (R)-enantiomer has been unambiguously determined via chemical correlation and x-ray analysis. Unexpectedly, both the R- and the S-forms inhibit Eg5 ATPase activity with IC(50) values of 110 and 520 nM (basal assays) and 150 nm and 650 nm (microtubule-stimulated assays), respectively. However, the difference was large enough for the protein to select the (R)- over the (S)-enantiomer. Taken together, these results show that in this new monastrol family, both (R)- and (S)-enantiomers can be active as Eg5 inhibitors. This considerably broadens the alternatives for rational drug design.",10.1074/jbc.m608883200,2007,J Biol Chem,,282,13,9740,9747,17251189,"Garcia-Saez I, DeBonis S, Lopez R, Trucco F, Rousseau B, Thuéry P, Kozielski F.",,17251189,10.1074/jbc.M608883200,Structure of human Eg5 in complex with a new monastrol-based inhibitor bound in the R configuration.,"Drugs that target mitotic spindle proteins have been proven useful for tackling tumor growth. Eg5, a kinesin-5 family member, represents a potential target, since its inhibition leads to prolonged mitotic arrest through the activation of the mitotic checkpoint and apoptotic cell death. Monastrol, a specific dihydropyrimidine inhibitor of Eg5, shows stereo-specificity, since predominantly the (S)-, but not the (R)-, enantiomer has been shown to be the biologically active compound in vitro and in cell-based assays. Here, we solved the crystal structure (2.7A) of the complex between human Eg5 and a new keto derivative of monastrol (named mon-97), a potent antimitotic inhibitor. Surprisingly, we identified the (R)-enantiomer bound in the active site, and not, as for monastrol, the (S)-enantiomer. The absolute configuration of this more active (R)-enantiomer has been unambiguously determined via chemical correlation and x-ray analysis. Unexpectedly, both the R- and the S-forms inhibit Eg5 ATPase activity with IC(50) values of 110 and 520 nM (basal assays) and 150 nm and 650 nm (microtubule-stimulated assays), respectively. However, the difference was large enough for the protein to select the (R)- over the (S)-enantiomer. Taken together, these results show that in this new monastrol family, both (R)- and (S)-enantiomers can be active as Eg5 inhibitors. This considerably broadens the alternatives for rational drug design.",The Journal of biological chemistry,0021-9258,282,13,9740,9747,"Journal Article|Research Support, Non-U.S. Gov't","Antimitotic Agents|Crystallography, X-Ray|Humans|Kinesins|Protein Conformation|Pyrimidines|Stereoisomerism|Thiones",chemistry|pharmacology|antagonists & inhibitors|chemistry|chemistry|pharmacology|chemistry|pharmacology,"Antimitotic Agents|KIF11 protein, human|Pyrimidines|Thiones|monastrol|Kinesins",03,12,2021,2007,05,10,,17251189,Journal of Biological Chemistry,JournalArticle,a04fbca6bec1c104f32b7ced17ca56091d524bc4,"{""MAG"": ""2030701627"", ""DOI"": ""10.1074/jbc.M608883200"", ""CorpusId"": 5871450, ""PubMed"": ""17251189""}",10.1074/jbc.M608883200,,article,journal-article,,https://openalex.org/W2030701627,,"Antimitotic Agents|Kinesin|Kinesin|Pyrimidines|Pyrimidines|Thiones|Thiones|Antimitotic Agents|Antimitotic Agents|Crystallography, X-Ray|Humans|Kinesin|Protein Conformation|Pyrimidines|Stereoisomerism|Thiones",,,journal-article,,Structure of Human Eg5 in Complex with a New Monastrol-based Inhibitor Bound in the R Configuration,,,
CHEMBL1156440,Localization of cocaine analog [125I]RTI 82 irreversible binding to transmembrane domain 6 of the dopamine transporter.,"The site of cocaine binding on the dopamine transporter (DAT) was investigated using the photoactivatable irreversible cocaine analog [125I]3beta-(p-chlorophenyl)tropane-2beta-carboxylic acid, 4'-azido-3'-iodophenylethyl ester ([125I]RTI 82). The incorporation site of this compound was mapped to transmembrane domains (TMs) 4-6 using epitope-specific immunoprecipitation of trypsin fragments and further localized using cyanogen bromide (CNBr), which hydrolyzes proteins on the C-terminal side of methionine residues. CNBr hydrolysis of [125I]RTI 82-labeled rat striatal and expressed human DATs produced fragments of approximately 5-10 kDa consistent with labeling between Met(271/272) or Met(290) in TM5 to Met(370/371) in TM7. To further define the incorporation site, substitution mutations were made that removed endogenous methionines and inserted exogenous methionines in combinations that would generate labeled CNBr fragments of distinct masses depending on the labeling site. The results obtained were consistent with the presence of TM6 but not TMs 4, 5, or 7 in the labeled fragments, with additional support for these conclusions obtained by epitope-specific immunoprecipitation and secondary digestion of CNBr fragments with endoproteinase Lys-C. The final localization of [125I]RTI 82 incorporation to rat DAT Met(290)-Lys(336) and human DAT I291M to R344M provides positive evidence for the proximity of cocaine binding to TM6. Residues in and near DAT TM6 regulate transport and transport-dependent conformational states, and TM6 forms part of the substrate permeation pathway in the homologous Aquifex aeolicus leucine transporter. Cocaine binding near TM6 may thus overlap the dopamine translocation pathway and function to inhibit TM6 structural rearrangements necessary for transport.",10.1074/jbc.m610633200,2007,J Biol Chem,,282,12,8915,8925,17255098,"Vaughan RA, Sakrikar DS, Parnas ML, Adkins S, Foster JD, Duval RA, Lever JR, Kulkarni SS, Hauck-Newman A.",,17255098,,Localization of cocaine analog [125I]RTI 82 irreversible binding to transmembrane domain 6 of the dopamine transporter.,"The site of cocaine binding on the dopamine transporter (DAT) was investigated using the photoactivatable irreversible cocaine analog [125I]3beta-(p-chlorophenyl)tropane-2beta-carboxylic acid, 4'-azido-3'-iodophenylethyl ester ([125I]RTI 82). The incorporation site of this compound was mapped to transmembrane domains (TMs) 4-6 using epitope-specific immunoprecipitation of trypsin fragments and further localized using cyanogen bromide (CNBr), which hydrolyzes proteins on the C-terminal side of methionine residues. CNBr hydrolysis of [125I]RTI 82-labeled rat striatal and expressed human DATs produced fragments of approximately 5-10 kDa consistent with labeling between Met(271/272) or Met(290) in TM5 to Met(370/371) in TM7. To further define the incorporation site, substitution mutations were made that removed endogenous methionines and inserted exogenous methionines in combinations that would generate labeled CNBr fragments of distinct masses depending on the labeling site. The results obtained were consistent with the presence of TM6 but not TMs 4, 5, or 7 in the labeled fragments, with additional support for these conclusions obtained by epitope-specific immunoprecipitation and secondary digestion of CNBr fragments with endoproteinase Lys-C. The final localization of [125I]RTI 82 incorporation to rat DAT Met(290)-Lys(336) and human DAT I291M to R344M provides positive evidence for the proximity of cocaine binding to TM6. Residues in and near DAT TM6 regulate transport and transport-dependent conformational states, and TM6 forms part of the substrate permeation pathway in the homologous Aquifex aeolicus leucine transporter. Cocaine binding near TM6 may thus overlap the dopamine translocation pathway and function to inhibit TM6 structural rearrangements necessary for transport.",The Journal of biological chemistry,0021-9258,282,12,8915,8925,"Journal Article|Research Support, N.I.H., Extramural|Research Support, N.I.H., Intramural|Research Support, Non-U.S. Gov't","Animals|Azides|Cocaine|Cyanogen Bromide|Dopamine Plasma Membrane Transport Proteins|Dopamine Uptake Inhibitors|Epitopes|Humans|Iodine Radioisotopes|Methionine|Protein Binding|Protein Structure, Tertiary|Protein Transport|Rats|Trypsin",pharmacology|analogs & derivatives|pharmacology|pharmacology|chemistry|pharmacology|chemistry|pharmacology|chemistry|chemistry,Azides|Dopamine Plasma Membrane Transport Proteins|Dopamine Uptake Inhibitors|Epitopes|Iodine Radioisotopes|RTI 82|Methionine|Trypsin|Cocaine|Cyanogen Bromide,09,02,2021,2007,05,02,,17255098,Journal of Biological Chemistry,JournalArticle,45d30d5748ac661ba2de7196823d1f793266454a,"{""MAG"": ""2031625420"", ""DOI"": ""10.1074/jbc.M610633200"", ""CorpusId"": 41854285, ""PubMed"": ""17255098""}",10.1074/jbc.M610633200,,article,journal-article,,https://openalex.org/W2031625420,,"Azides|Cocaine|Dopamine Plasma Membrane Transport Proteins|Iodine Radioisotopes|Animals|Azides|Cocaine|Cocaine|Cyanogen Bromide|Cyanogen Bromide|Dopamine Plasma Membrane Transport Proteins|Dopamine Uptake Inhibitors|Dopamine Uptake Inhibitors|Epitopes|Epitopes|Humans|Iodine Radioisotopes|Methionine|Methionine|Protein Binding|Protein Structure, Tertiary|Protein Transport|Rats|Trypsin|Trypsin",,,journal-article,,Localization of Cocaine Analog [125I]RTI 82 Irreversible Binding to Transmembrane Domain 6 of the Dopamine Transporter,,,
CHEMBL1240326,ATP non-competitive IGF-1 receptor kinase inhibitors as lead anti-neoplastic and anti-papilloma agents.,"The insulin-like growth factor-1 receptor (IGF-1 receptor) is a receptor tyrosine kinase, highly homologous to the insulin receptor. In contrast to the insulin receptor, which is mostly involved in metabolic pathways, the IGF-1 system plays a pivotal role in normal and neoplastic cell growth through anti-apoptotic, proliferative and metastatic pathways. Furthermore, IGF-1 receptor over-activation is found to correlate with a variety of tumors, such as breast cancer, prostate cancer, hematological malignancies, colorectal cancer and other proliferative diseases, such as psoriasis and papilloma. In addition, accumulating evidence implies that blockade of IGF-1 receptor activity causes reversal of tumor progression in cell lines as well as in animal tumor models. Because of the central role the IGF-1 receptor plays in oncogenic maintenance and metastatic processes, it is a highly appropriate target for anti-cancer agents. Here we report on a novel substrate-mimic family of IGF-1 receptor inhibitors. These compounds are tertiary aromatic amines, non-competitive with ATP and possess high affinity towards the IGF-1 receptor. The most potent compound, SBL02 inhibited the IGF-1 receptor with an IC(50) of 170 nM in a cell-free kinase assay and was found to inhibit IGF-1 receptor auto-phosphorylation and substrate phosphorylation at the low micromolar range in cellular assays. SBL02 also blocks the formation of colonies in soft agar by cancer cells and inhibits the growth of keratinocytes and of HPV16 immortalized keratinocytes. This new family of non-ATP competitive, IGF-1 receptor inhibitors can serve as a lead for the development of anti-cancer, anti-psoriatic and anti-papilloma agents.",10.1016/j.ejphar.2007.01.052,2007,Eur J Pharmacol,,562,1,1,11,17376430,"Steiner L, Blum G, Friedmann Y, Levitzki A.",,17376430,,ATP non-competitive IGF-1 receptor kinase inhibitors as lead anti-neoplastic and anti-papilloma agents.,"The insulin-like growth factor-1 receptor (IGF-1 receptor) is a receptor tyrosine kinase, highly homologous to the insulin receptor. In contrast to the insulin receptor, which is mostly involved in metabolic pathways, the IGF-1 system plays a pivotal role in normal and neoplastic cell growth through anti-apoptotic, proliferative and metastatic pathways. Furthermore, IGF-1 receptor over-activation is found to correlate with a variety of tumors, such as breast cancer, prostate cancer, hematological malignancies, colorectal cancer and other proliferative diseases, such as psoriasis and papilloma. In addition, accumulating evidence implies that blockade of IGF-1 receptor activity causes reversal of tumor progression in cell lines as well as in animal tumor models. Because of the central role the IGF-1 receptor plays in oncogenic maintenance and metastatic processes, it is a highly appropriate target for anti-cancer agents. Here we report on a novel substrate-mimic family of IGF-1 receptor inhibitors. These compounds are tertiary aromatic amines, non-competitive with ATP and possess high affinity towards the IGF-1 receptor. The most potent compound, SBL02 inhibited the IGF-1 receptor with an IC(50) of 170 nM in a cell-free kinase assay and was found to inhibit IGF-1 receptor auto-phosphorylation and substrate phosphorylation at the low micromolar range in cellular assays. SBL02 also blocks the formation of colonies in soft agar by cancer cells and inhibits the growth of keratinocytes and of HPV16 immortalized keratinocytes. This new family of non-ATP competitive, IGF-1 receptor inhibitors can serve as a lead for the development of anti-cancer, anti-psoriatic and anti-papilloma agents.",European journal of pharmacology,0014-2999,562,1-2,1,11,"Journal Article|Research Support, Non-U.S. Gov't","Adenosine Triphosphate|Amines|Animals|Antineoplastic Agents|Antiviral Agents|Cell Line|Cell Line, Transformed|Cell Line, Tumor|Cell Proliferation|Combinatorial Chemistry Techniques|Dose-Response Relationship, Drug|Human papillomavirus 16|Humans|Kinetics|Mice|Models, Molecular|Molecular Structure|NIH 3T3 Cells|Phosphorylation|Protein Kinase Inhibitors|Receptor, IGF Type 1",pharmacology|chemical synthesis|chemistry|pharmacology|chemical synthesis|chemistry|pharmacology|chemical synthesis|chemistry|pharmacology|drug effects|drug effects|growth & development|drug effects|chemical synthesis|chemistry|pharmacology|antagonists & inhibitors|chemistry|metabolism,"Amines|Antineoplastic Agents|Antiviral Agents|Protein Kinase Inhibitors|Adenosine Triphosphate|Receptor, IGF Type 1",21,11,2013,2007,06,13,,17376430,European Journal of Pharmacology,JournalArticle,36e4a0e41780774d95701de1934fb296653f8b9b,"{""MAG"": ""2154518689"", ""DOI"": ""10.1016/J.EJPHAR.2007.01.052"", ""CorpusId"": 36187430, ""PubMed"": ""17376430""}",10.1016/J.EJPHAR.2007.01.052,,article,journal-article,,https://openalex.org/W2154518689,,"Adenosine Triphosphate|Antineoplastic Agents|Antiviral Agents|Protein Kinase Inhibitors|Receptor, IGF Type 1|Adenosine Triphosphate|Amines|Amines|Amines|Amines|Animals|Antineoplastic Agents|Antineoplastic Agents|Antineoplastic Agents|Antiviral Agents|Antiviral Agents|Antiviral Agents|Cell Line|Cell Line, Transformed|Cell Line, Tumor|Cell Proliferation|Cell Proliferation|Combinatorial Chemistry Techniques|Dose-Response Relationship, Drug|Human papillomavirus 16|Human papillomavirus 16|Human papillomavirus 16|Humans|Kinetics|Mice|Models, Molecular|Molecular Structure|NIH 3T3 Cells|Phosphorylation|Phosphorylation|Protein Kinase Inhibitors|Protein Kinase Inhibitors|Protein Kinase Inhibitors|Receptor, IGF Type 1|Receptor, IGF Type 1|Receptor, IGF Type 1",,,journal-article,,ATP non-competitive IGF-1 receptor kinase inhibitors as lead anti-neoplastic and anti-papilloma agents,,,
